timestamp,used_memory,used_memory_rss,maxmemory,keyspace_hits,keyspace_misses,ops_per_sec,total_commands_delta,total_num_items_spilled_to_ext_storage,total_num_items_fetched_from_ext_storage,completion_read_ok,dram_value_hits,kbc_fetching_block,num_items_spilling_to_ext_storage,blocked_clients,cpu_user,cpu_sys,valkey_cpu_user,valkey_cpu_sys,valkey_cpu_total,asio_cpu_pct,disk_hit_pct,mem_hit_pct,mem_frag_ratio,disk_read_iops,disk_write_iops,disk_read_mb,disk_write_mb,disk_read_merges_ps,disk_write_merges_ps,disk_r_await_ms,disk_w_await_ms,disk_aqu_sz,disk_util_pct,disk_in_flight,disk_req_sz_kb,throttle_total_throttled,throttle_queued_clients,throttle_current_rate,throttle_allowed_tps,spill_submitted_count,spill_serialized_count,mean_spill_ram,inflight_spill_ram_bytes,keys_key_spilled,total_keys_dropped_from_dict,total_keys_dropped_at_completion,total_keys_rematerialized,kbc_keyspill_miss_fetch,kbc_keyspill_absent_consumed,kbc_progressive_drain_runs,kbc_progressive_drain_resolved
1787264750,1799968,6848512,0,0,0,0,0,0,0,0,0,0,0,0,0.1,0.2,0.3,0.0,0.3,0,0.0,0.0,3.90,0,0,0,0,0,0,0,0,0,0,0,0,0,0,0.0000,200000.0,0,0,0,0,0,0,0,0,0,0,0,0
1787264752,35400048,38961152,1502735206,0,0,87310,146483,0,0,0,0,0,0,0,3.4,12.0,39.8,69.8,109.6,1.0,0.0,0.0,1.15,0,0,0.00,0.00,0.0,0.0,0.00,0.00,0.00,0.0,0,0.0,0,0,0.0000,200000.0,0,0,0,0,0,0,0,0,0,0,0,0
1787264753,68530608,74084352,1502735206,0,0,129530,151544,0,0,0,0,0,0,0,3.3,12.3,33.2,79.7,112.9,3.0,0.0,0.0,1.09,0,0,0.00,0.00,0.0,0.0,0.00,0.00,0.00,0.0,0,0.0,0,0,0.0000,200000.0,0,0,0,0,0,0,0,0,0,0,0,0
1787264754,102073536,105279488,1502735206,0,0,131617,155069,0,0,0,0,0,0,0,4.9,11.7,46.2,67.3,113.5,2.0,0.0,0.0,1.06,0,0,0.00,0.00,0.0,0.0,0.00,0.00,0.00,0.0,0,0.0,0,0,0.0000,200000.0,0,0,0,0,0,0,0,0,0,0,0,0
1787264755,136829680,142594048,1502735206,0,0,130177,151131,0,0,0,0,0,0,0,4.0,12.2,36.5,77.0,113.5,3.0,0.0,0.0,1.05,0,0,0.00,0.00,0.0,0.0,0.00,0.00,0.00,0.0,0,0.0,0,0,0.0000,200000.0,0,0,0,0,0,0,0,0,0,0,0,0
1787264756,170439136,176279552,1502735206,0,0,133047,156147,0,0,0,0,0,0,0,4.2,12.2,40.2,73.5,113.7,3.0,0.0,0.0,1.04,0,0,0.00,0.00,0.0,0.0,0.00,0.00,0.00,0.0,0,0.0,0,0,0.0000,200000.0,0,0,0,0,0,0,0,0,0,0,0,0
1787264757,204528832,208654336,1502735206,0,0,133268,156538,0,0,0,0,0,0,0,3.5,12.4,36.1,78.2,114.3,2.0,0.0,0.0,1.03,0,0,0.00,0.00,0.0,0.0,0.00,0.00,0.00,0.0,0,0.0,0,0,0.0000,200000.0,0,0,0,0,0,0,0,0,0,0,0,0
1787264759,240906576,248963072,1502735206,0,0,127725,146829,0,0,0,0,0,0,0,4.7,10.5,50.7,63.4,114.1,1.5,0.0,0.0,1.04,0,0,0.00,0.00,0.0,0.0,0.00,0.00,0.00,0.0,0,0.0,0,0,0.0000,200000.0,0,0,0,0,0,0,0,0,0,0,0,0
1787264760,274380000,282648576,1502735206,0,0,133727,157293,0,0,0,0,0,0,0,4.3,12.7,35.3,78.6,113.9,2.0,0.0,0.0,1.03,0,0,0.00,0.00,0.0,0.0,0.00,0.00,0.00,0.0,0,0.0,0,0,0.0000,200000.0,0,0,0,0,0,0,0,0,0,0,0,0
1787264761,308025808,316334080,1502735206,0,0,133907,156687,0,0,0,0,0,0,0,5.1,10.5,36.2,77.5,113.7,4.0,0.0,0.0,1.03,0,0,0.00,0.00,0.0,0.0,0.00,0.00,0.00,0.0,0,0.0,0,0,0.0000,200000.0,0,0,0,0,0,0,0,0,0,0,0,0
1787264762,341540928,347398144,1502735206,0,0,132750,155063,0,0,0,0,0,0,0,4.9,11.8,43.4,70.0,113.4,1.0,0.0,0.0,1.02,0,0,0.00,0.00,0.0,0.0,0.00,0.00,0.00,0.0,0,0.0,0,0,0.0000,200000.0,0,0,0,0,0,0,0,0,0,0,0,0
1787264763,375307776,382394368,1502735206,0,0,132437,155328,0,0,0,0,0,0,0,4.6,11.3,43.4,70.5,113.9,3.0,0.0,0.0,1.02,0,0,0.00,0.00,0.0,0.0,0.00,0.00,0.00,0.0,0,0.0,0,0,0.0000,200000.0,0,0,0,0,0,0,0,0,0,0,0,0
1787264764,441333912,429449216,1502735206,0,0,130746,151820,0,0,0,0,0,0,0,4.5,11.5,40.2,74.4,114.6,3.0,0.0,0.0,0.97,0,0,0.00,0.00,0.0,0.0,0.00,0.00,0.00,0.0,0,0.0,0,0,0.0000,200000.0,0,0,0,0,0,0,0,0,0,0,0,0
1787264766,448260256,460333056,1502735206,0,0,118759,138150,0,0,0,0,0,0,0,4.7,10.3,53.2,62.5,115.7,1.5,0.0,0.0,1.03,0,0,0.00,0.00,0.0,0.0,0.00,0.00,0.00,0.0,0,0.0,0,0,0.0000,200000.0,0,0,0,0,0,0,0,0,0,0,0,0
1787264767,481579568,494149632,1502735206,0,0,133135,157485,0,0,0,0,0,0,0,4.6,11.5,40.2,74.1,114.3,3.0,0.0,0.0,1.03,0,0,0.00,0.00,0.0,0.0,0.00,0.00,0.00,0.0,0,0.0,0,0,0.0000,200000.0,0,0,0,0,0,0,0,0,0,0,0,0
1787264768,514916688,527835136,1502735206,0,0,133680,156942,0,0,0,0,0,0,0,4.1,12.0,37.3,76.6,113.9,2.0,0.0,0.0,1.03,0,0,0.00,0.00,0.0,0.0,0.00,0.00,0.00,0.0,0,0.0,0,0,0.0000,200000.0,0,0,0,0,0,0,0,0,0,0,0,0
1787264769,548401648,561651712,1502735206,0,0,133911,156962,0,0,0,0,0,0,0,3.3,12.0,32.4,81.6,114.0,3.0,0.0,0.0,1.02,0,0,0.00,0.00,0.0,0.0,0.00,0.00,0.00,0.0,0,0.0,0,0,0.0000,200000.0,0,0,0,0,0,0,0,0,0,0,0,0
1787264770,581817408,592191488,1502735206,0,0,132971,155893,0,0,0,0,0,0,0,3.5,12.1,33.9,80.8,114.7,3.0,0.0,0.0,1.02,0,0,0.00,0.00,0.0,0.0,0.00,0.00,0.00,0.0,0,0.0,0,0,0.0000,200000.0,0,0,0,0,0,0,0,0,0,0,0,0
1787264772,615304832,625745920,1502735206,0,0,132630,155712,0,0,0,0,0,0,0,4.0,12.7,35.9,78.8,114.7,1.0,0.0,0.0,1.02,0,0,0.00,0.00,0.0,0.0,0.00,0.00,0.00,0.0,0,0.0,0,0,0.0000,200000.0,0,0,0,0,0,0,0,0,0,0,0,0
1787264773,648897280,659169280,1502735206,0,0,132677,155704,0,0,0,0,0,0,0,4.7,11.7,42.3,72.5,114.8,3.0,0.0,0.0,1.02,0,0,0.00,0.00,0.0,0.0,0.00,0.00,0.00,0.0,0,0.0,0,0,0.0000,200000.0,0,0,0,0,0,0,0,0,0,0,0,0
1787264774,682834352,691019776,1502735206,0,0,133297,156691,0,0,0,0,0,0,0,3.8,11.7,31.5,83.2,114.7,3.0,0.0,0.0,1.02,0,0,0.00,0.00,0.0,0.0,0.00,0.00,0.00,0.0,0,0.0,0,0,0.0000,200000.0,0,0,0,0,0,0,0,0,0,0,0,0
1787264775,716776640,726147072,1502735206,0,0,133732,156301,0,0,0,0,0,0,0,4.6,11.5,40.6,74.2,114.8,3.0,0.0,0.0,1.02,0,0,0.00,0.00,0.0,0.0,0.00,0.00,0.00,0.0,0,0.0,0,0,0.0000,200000.0,0,0,0,0,0,0,0,0,0,0,0,0
1787264776,750788976,761405440,1502735206,0,0,133036,156291,0,0,0,0,0,0,0,4.2,12.8,34.0,81.2,115.2,2.0,0.0,0.0,1.02,0,0,0.00,0.00,0.0,0.0,0.00,0.00,0.00,0.0,0,0.0,0,0,0.0000,200000.0,0,0,0,0,0,0,0,0,0,0,0,0
1787264777,784894720,796663808,1502735206,0,0,133273,156413,0,0,0,0,0,0,0,4.0,11.4,37.7,77.4,115.1,3.0,0.0,0.0,1.02,0,0,0.00,0.00,0.0,0.0,0.00,0.00,0.00,0.0,0,0.0,0,0,0.0000,200000.0,0,0,0,0,0,0,0,0,0,0,0,0
1787264779,881440936,860626944,1502735206,0,0,128521,145049,0,0,0,0,0,0,0,4.4,11.4,46.7,69.3,116.0,1.0,0.0,0.0,0.98,0,0,0.00,0.00,0.0,0.0,0.00,0.00,0.00,0.0,0,0.0,0,0,0.0000,200000.0,0,0,0,0,0,0,0,0,0,0,0,0
1787264780,863489600,886583296,1502735206,0,0,103884,121459,0,0,0,0,0,0,0,5.8,9.8,64.1,52.8,116.9,3.0,0.0,0.0,1.03,0,0,0.00,0.00,0.0,0.0,0.00,0.00,0.00,0.0,0,0.0,0,0,0.0000,200000.0,0,0,0,0,0,0,0,0,0,0,0,0
1787264781,896573952,920268800,1502735206,0,0,129441,156772,0,0,0,0,0,0,0,4.2,12.0,39.0,76.0,115.0,3.0,0.0,0.0,1.03,0,0,0.00,0.00,0.0,0.0,0.00,0.00,0.00,0.0,0,0.0,0,0,0.0000,200000.0,0,0,0,0,0,0,0,0,0,0,0,0
1787264782,929721856,951070720,1502735206,0,0,133347,156812,0,0,0,0,0,0,0,3.9,12.8,35.6,79.4,115.0,3.0,0.0,0.0,1.03,0,0,0.00,0.00,0.0,0.0,0.00,0.00,0.00,0.0,0,0.0,0,0,0.0000,200000.0,0,0,0,0,0,0,0,0,0,0,0,0
1787264783,960654992,982790144,1502735206,0,0,127317,146017,0,0,0,0,0,0,0,4.3,11.5,38.3,68.8,107.1,2.0,0.0,0.0,1.02,0,0,0.00,0.00,0.0,0.0,0.00,0.00,0.00,0.0,0,0.0,0,0,0.0000,200000.0,0,0,0,0,0,0,0,0,0,0,0,0
1787264784,994252432,1016868864,1502735206,0,0,128321,158316,0,0,0,0,0,0,0,4.1,12.7,39.3,75.6,114.9,2.0,0.0,0.0,1.02,0,0,0.00,0.00,0.0,0.0,0.00,0.00,0.00,0.0,0,0.0,0,0,0.0000,200000.0,0,0,0,0,0,0,0,0,0,0,0,0
1787264786,1028529984,1048588288,1502735206,0,0,136826,161183,0,0,0,0,0,0,0,4.7,11.3,51.6,63.0,114.6,1.5,0.0,0.0,1.02,0,0,0.00,0.00,0.0,0.0,0.00,0.00,0.00,0.0,0,0.0,0,0,0.0000,200000.0,0,0,0,0,0,0,0,0,0,0,0,0
1787264787,1062895856,1083191296,1502735206,0,0,137341,161283,0,0,0,0,0,0,0,4.4,12.3,42.5,72.1,114.6,3.0,0.0,0.0,1.02,0,0,0.00,0.00,0.0,0.0,0.00,0.00,0.00,0.0,0,0.0,0,0,0.0000,200000.0,0,0,0,0,0,0,0,0,0,0,0,0
1787264788,1097191472,1117663232,1502735206,0,0,136763,160480,0,0,0,0,0,0,0,4.9,11.8,39.0,75.9,114.9,3.0,0.0,0.0,1.02,0,0,0.00,0.00,0.0,0.0,0.00,0.00,0.00,0.0,0,0.0,0,0,0.0000,200000.0,0,0,0,0,0,0,0,0,0,0,0,0
1787264789,1130867632,1151610880,1502735206,0,0,134291,157292,0,0,0,0,0,0,0,4.8,11.7,44.3,70.6,114.9,3.0,0.0,0.0,1.02,0,0,0.00,0.00,0.0,0.0,0.00,0.00,0.00,0.0,0,0.0,0,0,0.0000,200000.0,0,0,0,0,0,0,0,0,0,0,0,0
1787264790,1165411856,1183330304,1502735206,0,0,136044,161046,0,0,0,0,0,0,0,4.2,12.0,38.0,77.0,115.0,2.0,0.0,0.0,1.02,0,0,0.00,0.00,0.0,0.0,0.00,0.00,0.00,0.0,0,0.0,0,0,0.0000,200000.0,0,0,0,0,0,0,0,0,0,0,0,0
1787264791,1200023856,1217933312,1502735206,0,0,137164,161022,0,0,0,0,0,0,0,4.5,11.5,42.0,72.7,114.7,2.0,0.0,0.0,1.02,0,0,0.00,0.00,0.0,0.0,0.00,0.00,0.00,0.0,0,0.0,0,0,0.0000,200000.0,0,0,0,0,0,0,0,0,0,0,0,0
1787264793,1234611264,1252405248,1502735206,0,0,136653,160593,0,0,0,0,0,0,0,4.8,10.9,49.4,65.7,115.1,1.5,0.0,0.0,1.02,0,0,0.00,0.00,0.0,0.0,0.00,0.00,0.00,0.0,0,0.0,0,0,0.0000,200000.0,0,0,0,0,0,0,0,0,0,0,0,0
1787264794,1268554432,1286090752,1502735206,0,0,134107,157336,0,0,0,0,0,0,0,3.9,12.3,35.0,80.1,115.1,3.0,0.0,0.0,1.01,0,0,0.00,0.00,0.0,0.0,0.00,0.00,0.00,0.0,0,0.0,0,0,0.0000,200000.0,0,0,0,0,0,0,0,0,0,0,0,0
1787264795,1302690528,1317023744,1502735206,0,0,134150,157958,0,0,0,0,0,0,0,4.6,11.5,38.1,77.1,115.2,2.0,0.0,0.0,1.01,0,0,0.00,0.00,0.0,0.0,0.00,0.00,0.00,0.0,0,0.0,0,0,0.0000,200000.0,0,0,0,0,0,0,0,0,0,0,0,0
1787264796,1337125808,1352282112,1502735206,0,0,134964,159049,0,0,0,0,0,0,0,4.0,11.9,33.1,82.0,115.1,3.0,0.0,0.0,1.01,0,0,0.00,0.00,0.0,0.0,0.00,0.00,0.00,0.0,0,0.0,0,0,0.0000,200000.0,0,0,0,0,0,0,0,0,0,0,0,0
1787264797,1371640144,1387933696,1502735206,0,0,135235,159206,0,0,0,0,0,0,0,4.3,11.6,42.4,72.8,115.2,3.0,0.0,0.0,1.01,0,0,0.00,0.00,0.0,0.0,0.00,0.00,0.00,0.0,0,0.0,0,0,0.0000,200000.0,0,0,0,0,0,0,0,0,0,0,0,0
1787264799,1406113312,1420570624,1502735206,0,0,135289,158797,0,0,0,0,0,0,0,4.6,12.0,46.4,68.6,115.0,1.5,0.0,0.0,1.01,0,0,0.00,0.00,0.0,0.0,0.00,0.00,0.00,0.0,0,0.0,0,0,0.0000,200000.0,0,0,0,0,0,0,0,0,0,0,0,0
1787264800,1440769120,1456353280,1502735206,0,0,135284,159448,0,0,0,0,0,0,0,4.2,11.7,44.5,70.9,115.4,2.0,0.0,0.0,1.01,0,0,0.00,0.00,0.0,0.0,0.00,0.00,0.00,0.0,0,0.0,0,0,0.0000,200000.0,0,0,0,0,0,0,0,0,0,0,0,0
1787264801,1475435264,1492135936,1502735206,0,0,135413,159298,0,0,0,0,0,0,0,4.4,11.7,39.7,75.5,115.2,3.0,0.0,0.0,1.01,0,0,0.00,0.00,0.0,0.0,0.00,0.00,0.00,0.0,0,0.0,0,0,0.0000,200000.0,0,0,0,0,0,0,0,0,0,0,0,0
1787264802,1502753112,1525166080,1502735206,0,0,123919,139478,14240,0,0,0,13113,6,5,4.7,10.2,51.4,64.6,116.0,7.0,0.0,0.0,1.01,3,27,0.02,3.01,0.0,0.0,0.00,0.22,0.01,0.0,0,103.3,0,0,0.0001,199988.6,14246,14246,128,768,14240,14240,14240,14049,14049,14027,14049,936
1787264803,1502755464,1528967168,1502735206,0,0,63952,65437,79910,0,0,0,74611,11,10,6.5,8.4,81.5,36.4,117.9,19.0,0.0,0.0,1.02,58,126,0.29,14.05,0.0,0.0,0.09,0.25,0.04,1.0,0,79.8,0,0,0.0001,199989.8,79921,79921,128,1408,79910,79910,79910,79479,79479,79460,79479,4868
1787264804,1502754168,1528967168,1502735206,0,0,55357,65421,145569,0,0,0,135917,8,7,6.7,7.6,81.3,36.9,118.2,20.0,0.0,0.0,1.02,136,126,0.94,14.05,0.0,0.0,0.09,0.24,0.04,3.0,0,58.6,0,0,0.0001,199988.1,145577,145577,128,1024,145569,145569,145569,144897,144897,144877,144897,8980
1787264806,1502753096,1530408960,1502735206,0,0,55091,65045,210859,0,0,0,196791,6,5,6.3,10.0,84.2,33.9,118.1,10.5,0.0,0.0,1.02,93,67,0.54,7.53,0.0,0.0,0.09,0.23,0.02,1.5,0,51.5,0,0,0.0001,199989.0,210865,210865,128,768,210859,210859,210859,209939,209939,209918,209939,13148
1787264807,1502753984,1530540032,1502735206,0,0,55042,65251,276350,0,0,0,257914,9,8,6.1,9.6,68.8,49.3,118.1,23.0,0.0,0.0,1.02,252,126,1.42,14.05,0.0,0.0,0.08,0.23,0.05,0.0,0,41.9,0,0,0.0000,199990.7,276359,276359,128,1152,276350,276350,276350,275185,275185,275165,275185,17271
1787264808,1502754608,1532243968,1502735206,0,0,55360,65368,341887,0,0,0,319643,9,8,7.6,8.6,85.1,32.8,117.9,23.0,0.0,0.0,1.02,320,126,1.76,14.05,0.0,0.0,0.08,0.23,0.06,1.0,0,36.3,0,0,0.0000,199991.8,341896,341896,128,1152,341887,341887,341887,340549,340549,340529,340549,20906
1787264809,1502750648,1533554688,1502735206,0,0,55250,65157,407240,0,0,0,380513,1,0,6.1,9.3,73.5,44.4,117.9,21.0,0.0,0.0,1.02,394,135,2.18,15.06,0.0,0.0,0.08,0.24,0.06,1.0,0,33.4,0,0,0.0001,199988.1,407241,407240,128,0,407240,407240,407240,405708,405708,405682,405708,25195
1787264810,1502748920,1534865408,1502735206,0,0,55245,65328,472704,0,0,0,441863,5,4,6.9,8.9,82.8,35.3,118.1,21.0,0.0,0.0,1.02,461,135,2.50,15.06,0.0,0.0,0.08,0.23,0.07,5.0,0,30.2,0,0,0.0000,199993.7,472709,472709,128,640,472704,472704,472704,471010,471010,471006,471010,29147
1787264812,1502748376,1537355776,1502735206,0,0,55165,65145,538014,0,0,0,503157,1,0,6.8,8.6,82.2,35.9,118.1,12.0,0.0,0.0,1.02,518,135,3.49,15.06,0.0,0.0,0.09,0.23,0.07,3.0,0,29.1,0,0,0.0000,199993.1,538015,538014,128,0,538014,538014,538014,536168,536168,536147,536168,33011
1787264813,1502751848,1538666496,1502735206,0,0,55150,65174,603280,0,0,0,564622,1,0,6.6,7.8,84.2,33.9,118.1,24.0,0.0,0.0,1.02,293,67,1.62,7.53,0.0,0.0,0.08,0.23,0.04,3.5,0,26.0,0,0,0.0000,199990.9,603281,603281,128,128,603280,603280,603280,601339,601339,601317,601339,36717
1787264814,1502753328,1542074368,1502735206,0,0,55043,65182,668642,0,0,0,626036,8,7,7.6,8.4,83.3,35.1,118.4,30.0,0.0,0.0,1.03,579,135,3.23,15.06,0.0,0.0,0.08,0.24,0.08,5.0,0,26.2,0,0,0.0000,199990.2,668650,668650,128,1024,668642,668642,668642,666515,666515,666495,666515,40479
1787264815,1502753792,1542074368,1502735206,0,0,55004,64994,733706,0,0,0,686532,6,5,7.1,7.8,88.2,29.8,118.0,23.0,0.0,0.0,1.03,712,135,3.89,15.06,0.0,0.0,0.08,0.23,0.09,5.0,0,22.9,0,0,0.0001,199989.9,733712,733712,128,768,733706,733706,733706,731507,731507,731485,731507,44975
1787264816,1502753312,1542074368,1502735206,0,0,55283,65382,799297,0,0,0,747550,6,5,7.5,8.3,82.1,35.9,118.0,22.0,0.0,0.0,1.03,766,135,4.16,15.06,0.0,0.0,0.08,0.24,0.10,12.0,0,21.8,0,0,0.0001,199988.6,799303,799303,128,768,799297,799297,799297,796884,796884,796863,796884,49334
1787264817,1502755536,1543254016,1502735206,0,0,55122,64893,864306,0,0,0,808135,7,7,6.4,9.3,80.0,37.7,117.7,25.0,0.0,0.0,1.03,831,135,4.56,15.06,0.0,0.0,0.08,0.23,0.10,5.0,0,20.8,0,0,0.0000,199990.5,864313,864313,128,896,864306,864306,864306,861774,861774,861752,861774,53639
1787264819,1502748056,1544826880,1502735206,0,0,55168,65046,929528,0,0,0,868911,3,2,6.1,8.9,76.1,41.9,118.0,12.0,0.0,0.0,1.03,456,72,3.07,8.03,0.0,0.0,0.09,0.24,0.06,5.5,0,21.5,0,0,0.0001,199987.5,929531,929530,128,256,929528,929528,929528,926799,926799,926794,926799,57888
1787264820,1502751296,1546137600,1502735206,0,0,55156,65209,994912,0,0,0,930200,4,3,6.9,8.4,83.8,34.4,118.2,24.0,0.0,0.0,1.03,925,144,5.15,16.06,0.0,0.0,0.08,0.23,0.11,6.0,0,20.3,0,0,0.0001,199990.0,994916,994914,128,256,994912,994912,994912,992020,992020,991999,992020,61820
1787264821,1502747280,1546268672,1502735206,0,0,55286,65343,1060301,0,0,0,991390,4,3,7.0,9.6,80.0,37.8,117.8,28.0,0.0,0.0,1.03,1035,135,5.68,15.06,0.0,0.0,0.08,0.23,0.12,9.0,0,18.1,0,0,0.0001,199988.4,1060305,1060304,128,384,1060301,1060301,1060301,1057342,1057342,1057338,1057342,65952
1787264822,1502754752,1549713408,1502735206,0,0,55314,65416,1125857,0,0,0,1052853,8,7,7.1,8.3,81.2,37.0,118.2,28.0,0.0,0.0,1.03,1102,138,6.02,15.54,0.0,0.0,0.08,0.24,0.13,15.0,0,17.8,0,0,0.0000,199990.4,1125865,1125865,128,1024,1125857,1125857,1125857,1122771,1122771,1122750,1122771,69918
1787264823,1502752008,1551810560,1502735206,0,0,55305,65459,1191410,0,0,0,1114652,5,4,7.0,8.3,88.2,30.0,118.2,27.0,0.0,0.0,1.03,1150,137,6.25,15.39,0.0,0.0,0.08,0.23,0.13,10.0,0,17.2,0,0,0.0000,199991.1,1191415,1191415,128,640,1191410,1191410,1191410,1188221,1188221,1188205,1188221,73569
1787264825,1502752016,1551810560,1502735206,0,0,55332,65379,1256874,0,0,0,1176301,4,3,7.3,8.7,83.1,34.9,118.0,15.0,0.0,0.0,1.03,1199,162,8.20,18.07,0.0,0.0,0.09,0.23,0.14,11.0,0,19.8,0,0,0.0000,199991.1,1256878,1256878,128,512,1256874,1256874,1256874,1253603,1253603,1253580,1253603,77302
1787264826,1502749424,1557839872,1502735206,0,0,55158,65238,1322276,0,0,0,1237830,1,1,7.3,8.9,78.8,39.6,118.4,44.0,0.0,0.0,1.04,645,72,3.57,8.03,0.0,0.0,0.10,0.27,0.08,3.5,0,16.6,0,0,0.0000,199992.8,1322277,1322277,128,128,1322276,1322276,1322276,1318832,1318832,1318814,1318832,81002
1787264827,1502754320,1557970944,1502735206,0,0,55414,65765,1388132,0,0,0,1298191,9,8,6.6,9.9,81.3,37.1,118.4,27.0,0.0,0.0,1.04,1374,144,7.47,16.06,0.0,0.0,0.08,0.22,0.15,11.0,0,15.9,0,0,0.0001,199989.2,1388141,1388141,128,1152,1388132,1388132,1388132,1384595,1384595,1384575,1384595,86404
1787264828,1502749952,1557970944,1502735206,0,0,55118,65106,1453294,0,0,0,1358434,2,1,6.5,9.4,74.1,44.0,118.1,28.0,0.0,0.0,1.04,1392,146,7.61,16.08,0.0,0.0,0.08,0.22,0.15,10.0,0,15.8,0,0,0.0000,199992.7,1453296,1453294,128,0,1453294,1453294,1453294,1449697,1449697,1449677,1449697,91263
1787264829,1502755000,1559019520,1502735206,0,0,55177,65300,1518728,0,0,0,1418681,9,8,7.0,8.3,84.1,34.0,118.1,29.0,0.0,0.0,1.04,1481,144,8.07,16.06,0.0,0.0,0.08,0.23,0.16,7.0,0,15.2,0,0,0.0000,199990.1,1518737,1518737,128,1152,1518728,1518728,1518728,1514993,1514993,1514973,1514993,96312
1787264830,1502756472,1559375872,1502735206,0,0,55150,65498,1584389,0,0,0,1479318,11,10,7.4,8.2,88.0,30.8,118.8,30.0,0.0,0.0,1.04,1531,153,10.47,17.07,1.0,0.0,0.09,0.22,0.18,11.0,0,16.7,0,0,0.0000,199991.0,1584400,1584389,128,0,1584389,1584389,1584389,1580488,1580488,1580467,1580488,101170
1787264832,1502743560,1560424448,1502735206,0,0,54996,64868,1649371,0,0,0,1539682,1,0,8.0,8.0,84.1,33.9,118.0,13.5,0.0,0.0,1.04,807,76,4.38,8.53,0.5,0.0,0.08,0.23,0.09,8.0,1,15.0,0,0,0.0001,199984.6,1649372,1649371,128,0,1649371,1649371,1649371,1645332,1645332,1645331,1645332,105650
1787264833,1502749184,1562259456,1502735206,0,0,54919,65001,1714517,0,0,0,1600095,1,1,6.8,8.0,82.5,35.8,118.3,30.0,0.0,0.0,1.04,1713,144,9.32,16.06,0.0,0.0,0.09,0.22,0.18,22.0,0,14.0,0,0,0.0000,199992.3,1714518,1714518,128,128,1714517,1714517,1714517,1710350,1710350,1710328,1710350,110255
1787264834,1502751928,1564098560,1502735206,0,0,54929,65166,1779785,0,0,0,1660537,3,2,6.8,9.3,77.5,40.8,118.3,30.0,0.0,0.0,1.04,1739,153,9.43,17.07,0.0,0.0,0.09,0.24,0.18,15.0,0,14.3,0,0,0.0001,199989.3,1779788,1779785,128,0,1779785,1779785,1779785,1775514,1775514,1775490,1775514,114977
1787264835,1502750752,1564229632,1502735206,0,0,55080,65186,1845074,0,0,0,1721304,4,3,7.2,9.5,77.8,40.6,118.4,30.0,0.0,0.0,1.04,1822,144,9.89,16.06,0.0,0.0,0.09,0.23,0.19,11.0,0,13.5,0,0,0.0000,199992.6,1845078,1845078,128,512,1845074,1845074,1845074,1840692,1840692,1840672,1840692,119388
1787264836,1502755024,1566851072,1502735206,0,0,55138,65180,1910339,0,0,0,1782266,10,9,7.7,8.1,82.2,36.1,118.3,29.0,0.0,0.0,1.04,1869,153,10.21,17.07,0.0,0.0,0.09,0.23,0.19,13.0,0,13.8,0,0,0.0001,199988.9,1910349,1910349,128,1280,1910339,1910339,1910339,1905863,1905863,1905848,1905863,123597
1787264838,1502754960,1567125504,1502735206,0,0,54897,65042,1975466,0,0,0,1843064,8,8,7.6,7.9,84.2,34.0,118.2,16.0,0.0,0.0,1.04,1911,171,13.03,19.07,0.0,0.0,0.09,0.23,0.22,11.0,0,15.8,0,0,0.0000,199990.3,1975474,1975474,128,1024,1975466,1975466,1975466,1970907,1970907,1970886,1970907,127843
1787264839,1502748392,1567780864,1502735206,0,0,54834,65024,2040630,0,0,0,1903848,6,4,7.4,8.7,86.3,32.1,118.4,31.0,0.0,0.0,1.04,990,76,5.42,8.53,0.0,0.0,0.09,0.23,0.10,5.0,0,13.4,0,0,0.0000,199995.2,2040636,2040636,128,768,2040630,2040630,2040630,2035910,2035910,2035906,2035910,132062
1787264840,1502751368,1568698368,1502735206,0,0,55123,65396,2106121,0,0,0,1965253,4,4,6.9,8.9,83.3,35.1,118.4,30.0,0.0,0.0,1.04,1993,153,10.95,17.07,0.0,0.0,0.09,0.24,0.21,15.0,0,13.4,0,0,0.0001,199990.0,2106125,2106121,128,0,2106121,2106121,2106121,2101317,2101317,2101298,2101317,136064
1787264841,1502750936,1568100352,1502735206,0,0,55259,65509,2171781,0,0,0,2026696,3,2,7.0,8.0,80.8,37.7,118.5,32.0,0.0,0.0,1.04,2191,153,11.87,17.07,0.0,0.0,0.09,0.24,0.23,12.0,0,12.6,0,0,0.0000,199990.3,2171784,2171781,128,0,2171781,2171781,2171781,2166828,2166828,2166803,2166828,140132
1787264842,1502749128,1571901440,1502735206,0,0,55272,65546,2237432,0,0,0,2088215,1,0,7.3,8.8,80.8,37.7,118.5,33.0,0.0,0.0,1.05,2215,153,12.00,17.07,0.0,0.0,0.09,0.23,0.23,11.0,0,12.6,0,0,0.0000,199992.5,2237433,2237432,128,0,2237432,2237432,2237432,2232365,2232365,2232345,2232365,144150
1787264843,1502749336,1572425728,1502735206,0,0,55147,65799,2303299,0,0,0,2150022,1,0,7.3,8.4,79.2,40.1,119.3,35.0,0.0,0.0,1.05,2231,180,15.22,20.08,1.0,0.0,0.10,0.23,0.26,16.0,0,15.0,0,0,0.0000,199991.5,2303300,2303300,128,128,2303299,2303299,2303299,2298157,2298157,2298140,2298157,148135
1787264845,1502747480,1575354368,1502735206,0,0,55076,65179,2368640,0,0,0,2211542,6,4,7.2,9.6,81.2,37.1,118.3,16.0,0.0,0.0,1.05,1134,77,6.20,8.62,0.0,0.0,0.09,0.23,0.12,10.0,0,12.5,0,0,0.0000,199995.2,2368646,2368646,128,768,2368640,2368640,2368640,2363319,2363319,2363315,2363319,151777
1787264846,1502754904,1575616512,1502735206,0,0,55032,65257,2434032,0,0,0,2273115,8,8,7.5,7.9,85.1,33.4,118.5,33.0,0.0,0.0,1.05,2407,153,13.05,17.07,0.0,0.0,0.09,0.23,0.25,15.0,0,12.0,0,0,0.0001,199989.3,2434040,2434040,128,1024,2434032,2434032,2434032,2428591,2428591,2428568,2428591,155476
1787264847,1502747704,1576927232,1502735206,0,0,55067,65271,2499396,0,0,0,2334851,1,0,7.2,8.2,77.5,40.9,118.4,34.0,0.0,0.0,1.05,2406,162,13.12,18.07,0.0,0.0,0.09,0.23,0.25,16.0,0,12.4,0,0,0.0000,199993.1,2499397,2499397,128,128,2499396,2499396,2499396,2493840,2493840,2493835,2493840,158989
1787264848,1502756600,1577345024,1502735206,0,0,55084,65063,2564545,0,0,0,2396375,9,8,7.1,8.1,85.6,32.5,118.1,34.0,0.0,0.0,1.05,2587,153,13.95,17.07,0.0,0.0,0.09,0.24,0.26,16.0,3,11.6,0,0,0.0001,199987.2,2564554,2564554,128,1152,2564545,2564545,2564545,2558922,2558922,2558894,2558922,162547
1787264849,1502749848,1586200576,1502735206,0,0,54961,65078,2629731,0,0,0,2457937,1,0,7.7,8.5,80.2,38.1,118.3,51.0,0.0,0.0,1.06,2553,162,13.84,18.07,0.0,0.0,0.09,0.23,0.26,13.0,0,12.0,0,0,0.0000,199991.8,2629732,2629732,128,128,2629731,2629731,2629731,2623985,2623985,2623968,2623985,166048
1787264851,1502747392,1589870592,1502735206,0,0,55148,65553,2695364,0,0,0,2517619,1,1,8.1,8.9,81.8,36.7,118.5,22.5,0.0,0.0,1.06,1331,94,8.99,10.54,0.0,0.0,0.10,0.23,0.15,10.0,0,14.0,0,0,0.0000,199990.1,2695365,2695364,128,0,2695364,2695364,2695364,2689532,2689532,2689517,2689532,171913
1787264852,1502751800,1590919168,1502735206,0,0,55306,65547,2760994,0,0,0,2577671,3,2,7.0,9.1,85.2,33.1,118.3,32.0,0.0,0.0,1.06,2795,162,15.11,18.07,0.0,0.0,0.09,0.23,0.29,21.0,0,11.5,0,0,0.0000,199991.2,2760997,2760994,128,0,2760994,2760994,2760994,2755079,2755079,2755060,2755079,177408
1787264853,1502749704,1588346880,1502735206,0,0,55109,65226,2826329,0,0,0,2637779,1,0,6.9,8.7,77.8,40.7,118.5,33.0,0.0,0.0,1.06,2691,162,14.79,18.07,0.0,0.0,0.09,0.23,0.28,16.0,0,11.8,0,0,0.0001,199988.2,2826330,2826329,128,0,2826329,2826329,2826329,2820302,2820302,2820282,2820302,182523
1787264854,1502749096,1589657600,1502735206,0,0,55050,65281,2891708,0,0,0,2697701,1,0,6.9,9.4,74.2,44.1,118.3,35.0,0.0,0.0,1.06,2787,162,15.22,18.07,0.0,0.0,0.09,0.23,0.29,15.0,0,11.6,0,0,0.0001,199989.6,2891709,2891708,128,0,2891708,2891708,2891708,2885579,2885579,2885559,2885579,187878
1787264855,1502747232,1587965952,1502735206,0,0,55032,65143,2956984,0,0,0,2757367,1,1,6.8,9.2,72.6,45.7,118.3,34.0,0.0,0.0,1.06,2774,162,15.24,18.07,0.0,0.0,0.09,0.23,0.28,19.0,0,11.6,0,0,0.0000,199990.8,2956985,2956985,128,128,2956984,2956984,2956984,2950711,2950711,2950698,2950711,193344
1787264857,1502754408,1592127488,1502735206,0,0,55114,65390,3022439,0,0,0,2816840,7,6,7.6,8.5,80.3,38.1,118.4,20.0,0.0,0.0,1.06,3106,198,20.70,22.09,0.0,0.0,0.12,0.24,0.41,22.0,0,13.3,0,0,0.0001,199989.8,3022446,3022446,128,896,3022439,3022439,3022439,3016105,3016105,3016084,3016105,199265
1787264858,1502749648,1592913920,1502735206,0,0,55014,65355,3087919,0,0,0,2877010,1,1,6.1,9.0,79.4,39.3,118.7,35.0,0.0,0.0,1.06,1500,81,8.20,9.04,0.0,0.0,0.09,0.23,0.15,7.0,0,11.2,0,0,0.0000,199991.5,3087920,3087920,128,128,3087919,3087919,3087919,3081457,3081457,3081435,3081457,204447
1787264859,1502754944,1594224640,1502735206,0,0,54848,65158,3153193,0,0,0,2937149,9,9,7.4,9.1,86.0,32.9,118.9,35.0,0.0,0.0,1.06,3102,164,16.84,18.09,0.0,0.0,0.09,0.23,0.32,22.0,0,11.0,0,0,0.0001,199988.8,3153202,3153202,128,1152,3153193,3153193,3153193,3146611,3146611,3146589,3146611,209462
1787264860,1502752488,1595273216,1502735206,0,0,54841,65309,3218610,0,0,0,2997134,7,6,7.2,8.8,82.0,37.0,119.0,37.0,0.0,0.0,1.06,3207,171,17.32,19.07,0.0,0.0,0.09,0.23,0.33,17.0,0,11.0,0,0,0.0000,199993.7,3218617,3218617,128,896,3218610,3218610,3218610,3211908,3211908,3211894,3211908,214774
1787264861,1502751072,1596628992,1502735206,0,0,54894,65174,3283885,0,0,0,3057383,4,3,7.6,9.1,86.1,32.1,118.2,35.0,0.0,0.0,1.06,3207,162,17.48,18.07,0.0,0.0,0.09,0.23,0.32,28.0,0,10.8,0,0,0.0000,199992.0,3283889,3283885,128,0,3283885,3283885,3283885,3277083,3277083,3277064,3277083,219700
1787264862,1502759792,1598173184,1502735206,0,0,54890,65126,3349080,0,0,0,3117639,14,13,6.9,9.0,88.9,29.8,118.7,39.0,0.0,0.0,1.06,3374,198,22.62,22.09,0.0,0.0,0.10,0.23,0.38,23.0,0,12.8,0,0,0.0001,199986.6,3349094,3349080,128,0,3349080,3349080,3349080,3342208,3342208,3342186,3342208,224569
1787264864,1502738080,1599143936,1502735206,0,0,54876,65297,3414608,0,0,0,3177891,1,5,7.4,8.8,82.0,36.9,118.9,19.0,0.0,0.0,1.06,1658,90,9.09,10.04,0.0,0.0,0.09,0.23,0.17,8.5,0,11.2,0,0,0.0000,199996.7,3414609,3414609,128,128,3414608,3414608,3414608,3407484,3407484,3407479,3407484,229593
1787264865,1502789064,1595494400,1502735206,0,0,55092,65570,3480248,0,0,0,3238560,9,8,6.6,10.0,72.8,45.8,118.6,37.0,0.0,0.0,1.06,3516,171,19.09,19.07,0.0,0.0,0.09,0.23,0.36,19.0,0,10.6,0,0,0.0002,199968.2,3480257,3480257,128,1152,3480248,3480248,3480248,3473068,3473068,3473047,3473068,234508
1787264866,1502765368,1601785856,1502735206,0,0,54754,65724,3546072,0,0,0,3299378,1,0,7.3,9.5,85.1,35.0,120.1,38.0,0.0,0.0,1.07,3392,171,18.62,19.07,0.0,0.0,0.09,0.23,0.34,23.0,0,10.8,0,0,0.0001,199977.3,3546073,3546072,128,0,3546072,3546072,3546072,3538786,3538786,3538767,3538786,239408
1787264867,1502767608,1597673472,1502735206,0,0,54828,65557,3611744,0,0,0,3360186,3,2,6.9,8.8,82.8,36.6,119.4,37.0,0.0,0.0,1.06,3442,171,18.77,19.07,0.0,0.0,0.09,0.23,0.35,14.0,0,10.7,0,0,0.0001,199980.8,3611747,3611747,128,384,3611744,3611744,3611744,3604339,3604339,3604320,3604339,244153
1787264868,1502766384,1603964928,1502735206,0,0,54962,65500,3677325,0,0,0,3420924,1,1,7.3,8.9,84.0,35.0,119.0,40.0,0.0,0.0,1.07,3572,162,19.59,18.07,0.0,0.0,0.09,0.23,0.35,16.0,0,10.3,0,0,0.0001,199980.8,3677326,3677326,128,128,3677325,3677325,3677325,3669835,3669835,3669816,3669835,248911
1787264870,1502766424,1605349376,1502735206,0,0,54913,65299,3742733,0,0,0,3481471,2,2,7.4,9.9,85.5,33.3,118.8,20.0,0.0,0.0,1.07,1804,112,12.28,12.55,0.0,0.0,0.10,0.23,0.21,13.5,2,13.3,0,0,0.0001,199981.7,3742735,3742733,128,0,3742733,3742733,3742733,3735127,3735127,3735111,3735127,253656
1787264871,1502757656,1606529024,1502735206,0,0,55030,65718,3808562,0,0,0,3542499,4,2,6.5,9.4,75.7,43.6,119.3,39.0,0.0,0.0,1.07,3741,171,20.39,19.07,0.0,0.0,0.09,0.23,0.38,16.0,0,10.3,0,0,0.0001,199980.0,3808566,3808566,128,512,3808562,3808562,3808562,3800826,3800826,3800824,3800826,258327
1787264872,1502767264,1607446528,1502735206,0,0,54976,65313,3873966,0,0,0,3603476,6,5,7.6,8.5,92.0,26.9,118.9,39.0,0.0,0.0,1.07,3778,171,20.54,19.07,0.0,0.0,0.09,0.23,0.39,21.0,0,10.3,0,0,0.0001,199982.2,3873972,3873972,128,768,3873966,3873966,3873966,3866139,3866139,3866134,3866139,262663
1787264873,1502736016,1609584640,1502735206,0,0,54912,65808,3939972,0,0,0,3664745,0,1,7.3,9.2,80.9,38.8,119.7,42.0,0.0,0.0,1.07,3887,180,21.05,20.08,0.0,0.0,0.09,0.23,0.41,21.0,1,10.4,0,0,0.0001,199986.4,3939972,3939972,128,0,3939972,3939972,3939972,3931954,3931954,3931937,3931954,267209
1787264874,1502649056,1602994176,1502735206,0,0,27409,19321,3959206,0,0,0,3682727,0,0,2.8,7.0,21.9,13.9,35.8,13.0,0.0,0.0,1.07,1112,81,9.77,9.04,0.0,0.0,0.13,0.22,0.16,7.0,0,16.1,0,0,0.0000,200000.0,3959206,3959206,128,0,3959206,3959206,3959206,3951255,3951255,3951255,3951255,268528
1787264876,1502673744,1603649536,1502735206,0,0,4,10,3959206,0,0,0,3682727,0,0,1.3,4.8,0.8,0.0,0.8,1.5,0.0,0.0,1.07,3,0,0.29,0.00,0.0,0.0,0.29,0.00,0.00,0.0,0,85.1,0,0,0.0000,200000.0,3959206,3959206,128,0,3959206,3959206,3959206,3951255,3951255,3951255,3951255,268528
1787264877,1502737240,1606270976,1502735206,36537,0,26444,50733,3995274,20729,20729,50729,3703468,0,2,9.7,8.8,47.2,33.0,80.2,54.0,40.9,59.1,1.07,22113,99,93.18,11.04,0.0,0.0,0.08,0.24,1.88,45.0,4,4.8,0,0,0.0000,199999.9,3995274,3995274,128,0,3974545,3995274,3995274,3971986,3971986,3951255,3971991,268528
1787264878,1502737272,1610072064,1502735206,120138,0,86618,109987,4018118,55582,55582,160712,3738327,0,2,7.4,12.1,54.9,65.0,119.9,69.0,34.6,65.4,1.07,36143,63,150.11,7.03,0.0,0.0,0.08,0.24,3.04,65.0,10,4.4,0,0,0.0000,199999.9,4018118,4018118,128,0,3962536,4018118,4018118,4006839,4006839,3951255,4006847,268528
1787264879,1502737048,1611382784,1502735206,203005,0,91814,108894,4046935,85713,85713,269602,3768458,0,2,8.1,11.8,64.0,56.0,120.0,69.0,31.8,68.2,1.07,31251,72,129.97,8.03,0.0,0.0,0.08,0.22,2.59,73.0,0,4.5,0,0,0.0000,200000.0,4046935,4046935,128,0,3961222,4046935,4046935,4036970,4036970,3951255,4036978,268528
1787264880,1502737208,1613479936,1502735206,287517,0,92496,111176,4075090,113782,113782,380774,3796530,0,5,7.5,13.0,68.8,50.8,119.6,69.0,29.9,70.1,1.07,29120,81,121.64,9.04,0.0,0.0,0.08,0.23,2.40,75.0,0,4.6,0,0,0.0000,200000.0,4075090,4075090,128,0,3961308,4075090,4075090,4065042,4065042,3951255,4065050,268528
1787264882,1502737376,1614528512,1502735206,373613,0,94300,113093,4102239,140864,140864,493863,3823609,0,3,7.9,11.5,62.7,56.6,119.3,34.0,28.5,71.5,1.07,14064,45,59.83,5.02,0.0,0.0,0.08,0.24,1.16,32.5,0,4.7,0,0,0.0000,200000.0,4102239,4102239,128,0,3961375,4102239,4102239,4092122,4092122,3951255,4092130,268529
1787264883,1502737304,1616703488,1502735206,460634,0,95741,114375,4128371,166941,166941,608234,3849687,0,2,7.1,13.0,56.6,62.7,119.3,68.0,27.4,72.6,1.08,27072,71,112.98,7.91,0.0,0.0,0.08,0.23,2.21,66.0,1,4.6,0,0,0.0000,200000.0,4128371,4128371,128,0,3961430,4128371,4128371,4118198,4118198,3951255,4118207,268529
1787264884,1502737912,1616703488,1502735206,549301,0,97082,116430,4154018,192542,192542,724660,3875289,1,3,8.1,12.1,68.4,51.3,119.7,66.0,26.6,73.4,1.08,26576,64,110.63,7.15,0.0,0.0,0.08,0.23,2.16,61.0,3,4.5,0,0,0.0000,199999.7,4154019,4154019,128,128,3961476,4154018,4154018,4143800,4143800,3951255,4143809,268529
1787264885,1502737664,1616556032,1502735206,638146,0,97947,116949,4178505,216976,216976,841605,3899724,1,2,7.6,12.4,59.7,59.8,119.5,65.0,25.8,74.2,1.08,25405,63,105.94,7.03,0.0,0.0,0.08,0.22,2.06,65.0,3,4.5,0,0,0.0000,199999.4,4178506,4178506,128,128,3961529,4178505,4178505,4168233,4168233,3951255,4168243,268529
1787264886,1502736792,1618915328,1502735206,727831,0,98281,117909,4202544,240967,240967,959510,3923714,0,1,7.2,13.1,51.1,68.2,119.3,68.0,25.1,74.9,1.08,24872,63,103.80,7.03,0.0,0.0,0.09,0.24,2.36,60.0,2,4.6,0,0,0.0000,200000.0,4202544,4202544,128,0,3961577,4202544,4202544,4192223,4192223,3951255,4192233,268529
1787264888,1502737080,1620094976,1502735206,818353,0,99461,118957,4225825,264163,264163,1078463,3946911,0,2,7.1,12.9,55.7,63.8,119.5,32.0,24.5,75.5,1.08,24069,81,102.45,9.04,0.0,0.0,0.08,0.23,1.98,62.0,11,4.7,0,0,0.0000,199999.8,4225825,4225825,128,0,3961662,4225825,4225825,4215420,4215420,3951255,4215430,268529
1787264889,1502737304,1621405696,1502735206,909973,0,99981,120346,4249097,287384,287384,1198805,3970132,0,2,7.8,12.7,48.9,71.0,119.9,65.0,24.0,76.0,1.08,12058,32,50.45,3.52,0.0,0.0,0.08,0.23,0.97,30.5,0,4.6,0,0,0.0000,199999.8,4249097,4249097,128,0,3961713,4249097,4249097,4238641,4238641,3951255,4238651,268529
1787264890,1502739688,1623240704,1502735206,1001570,0,100810,120254,4271547,309768,309768,1319055,3992516,7,3,7.8,12.4,53.3,66.3,119.6,63.0,23.5,76.5,1.08,23184,63,96.91,7.03,0.0,0.0,0.08,0.24,1.88,58.0,8,4.6,0,0,0.0000,200000.0,4271554,4271554,128,896,3961779,4271547,4271547,4261026,4261026,3951255,4261036,268530
1787264891,1502736824,1625337856,1502735206,1093796,0,101125,121104,4293751,331878,331878,1440155,4014628,0,5,7.3,13.1,51.7,67.8,119.5,63.0,23.0,77.0,1.08,23013,54,95.90,6.02,0.0,0.0,0.08,0.24,1.87,67.0,0,4.5,0,0,0.0000,200000.0,4293751,4293751,128,0,3961873,4293751,4293751,4283138,4283138,3951255,4283148,268530
1787264892,1502737016,1626259456,1502735206,1187066,0,102393,122392,4315647,353735,353735,1562543,4036482,0,2,6.9,13.8,55.2,64.2,119.4,63.0,22.6,77.4,1.08,22691,54,94.64,6.02,0.0,0.0,0.08,0.24,1.83,58.0,0,4.5,0,0,0.0000,199999.4,4315647,4315647,128,0,3961912,4315647,4315647,4304992,4304992,3951255,4305002,268530
1787264894,1502751128,1628164096,1502735206,1285211,0,102733,122672,4336365,374895,374895,1685211,4057641,1,1,7.1,12.9,58.7,59.7,118.4,33.0,22.2,77.8,1.08,22016,72,93.85,8.03,0.0,0.0,0.08,0.22,1.79,63.0,0,4.7,0,0,0.0000,199990.4,4336366,4336366,128,128,3961470,4336365,4336365,4326151,4326151,3951255,4326161,268530
1787264895,1502752064,1628557312,1502735206,1414635,0,107436,129428,4358186,396678,396678,1814635,4079424,1,1,7.6,12.8,54.2,62.0,116.2,77.0,21.9,78.1,1.08,11334,27,47.21,3.01,0.0,0.0,0.08,0.24,0.91,36.0,1,4.5,0,0,0.0001,199989.3,4358187,4358187,128,128,3961508,4358186,4358186,4347934,4347934,3951255,4347944,268530
1787264896,1502752472,1630130176,1502735206,1543662,0,108867,129031,4379769,418227,418227,1943662,4100974,1,2,8.3,12.9,53.1,62.9,116.0,79.0,21.5,78.5,1.08,22379,63,93.34,7.03,0.0,0.0,0.08,0.22,1.80,79.0,5,4.6,0,0,0.0001,199989.7,4379770,4379770,128,128,3961542,4379769,4379769,4369484,4369484,3951255,4369494,268530
