timestamp,used_memory,used_memory_rss,maxmemory,keyspace_hits,keyspace_misses,ops_per_sec,total_commands_delta,total_num_items_spilled_to_ext_storage,total_num_items_fetched_from_ext_storage,completion_read_ok,dram_value_hits,kbc_fetching_block,num_items_spilling_to_ext_storage,blocked_clients,cpu_user,cpu_sys,valkey_cpu_user,valkey_cpu_sys,valkey_cpu_total,asio_cpu_pct,disk_hit_pct,mem_hit_pct,mem_frag_ratio,disk_read_iops,disk_write_iops,disk_read_mb,disk_write_mb,disk_read_merges_ps,disk_write_merges_ps,disk_r_await_ms,disk_w_await_ms,disk_aqu_sz,disk_util_pct,disk_in_flight,disk_req_sz_kb,throttle_total_throttled,throttle_queued_clients,throttle_current_rate,throttle_allowed_tps,spill_submitted_count,spill_serialized_count,mean_spill_ram,inflight_spill_ram_bytes,keys_key_spilled,total_keys_dropped_from_dict,total_keys_dropped_at_completion,total_keys_rematerialized,kbc_keyspill_miss_fetch,kbc_keyspill_absent_consumed,kbc_progressive_drain_runs,kbc_progressive_drain_resolved
1787261521,33275304,213606400,33554432,14941,817,141934,128956,515145,20592,20592,4520350,515143,35,69,9.2,5.5,77.2,18.9,96.1,84.0,0.5,99.5,6.42,0,0,0.00,0.00,0.0,0.0,0.00,0.00,0.00,0.0,0,0.0,0,0,0.0000,200000.0,515180,515150,4697,24360,494553,515043,515037,515558,515558,494999,515774,529
1787261522,39123984,309899264,33554432,45626,2371,35144,40565,552305,58954,58954,4558919,555469,10,9,9.2,7.4,57.2,39.6,96.8,119.0,1.3,98.7,7.68,0,0,0.00,0.00,0.0,0.0,0.00,0.00,0.00,0.0,0,0.0,796,57,0.8292,35814.9,558686,558680,4857,19488,493351,552111,552095,555762,555762,496993,556189,529
1787261524,41023592,101912576,33554432,62426,3227,16907,17658,568340,75525,75525,4575719,572895,7,0,7.4,4.7,40.4,27.0,67.4,57.0,1.7,98.3,2.54,0,0,0.00,0.00,0.0,0.0,0.00,0.00,0.00,0.0,0,0.0,5205,156,1.0000,2000.0,598509,598507,4857,24360,492815,568146,568130,573180,573180,497849,573611,529
1787261525,40060008,295292928,33554432,72600,3761,9860,10710,578581,85567,85567,4585893,583474,10,3,4.3,5.4,20.5,22.4,42.9,91.0,1.9,98.1,7.12,0,0,0.00,0.00,0.0,0.0,0.00,0.00,0.00,0.0,0,0.0,8039,147,0.9777,6415.9,624350,624346,4857,29232,493014,578387,578371,583759,583759,498383,584190,529
1787261526,39087296,106233856,33554432,85011,4400,8442,13052,591130,97913,97913,4598304,596491,18,30,5.0,4.2,30.7,11.9,42.6,53.0,2.1,97.9,2.81,0,0,0.00,0.00,0.0,0.0,0.00,0.00,0.00,0.0,0,0.0,10070,0,0.8239,36866.2,648755,648742,4857,24360,493217,590936,590920,596772,596772,499022,597205,529
1787261527,43427704,101158912,33554432,92161,4738,7805,7490,597229,104902,104902,4605454,603795,6,0,3.6,4.0,14.7,16.3,31.0,43.0,2.3,97.7,2.36,0,0,0.00,0.00,0.0,0.0,0.00,0.00,0.00,0.0,0,0.0,12705,156,1.0000,2000.0,667712,667708,4857,9744,492327,597035,597019,604068,604068,499360,604505,529
1787261529,46051368,95035392,33554432,98930,5114,6800,7147,603373,111577,111577,4612223,610847,7,1,3.3,3.6,19.3,10.8,30.1,21.0,2.4,97.6,2.07,0,0,0.00,0.00,0.0,0.0,0.00,0.00,0.00,0.0,0,0.0,15168,157,1.0000,2000.0,686030,686029,4857,29232,491796,603179,603163,611120,611120,499736,611557,529
1787261530,40460256,230637568,33554432,105970,5507,5037,7435,611448,118514,118514,4619263,618177,7,1,3.6,4.1,18.9,11.5,30.4,59.0,2.6,97.4,5.32,0,0,0.00,0.00,0.0,0.0,0.00,0.00,0.00,0.0,0,0.0,17592,156,1.0000,2000.0,704653,704651,4857,24360,492934,611254,611238,618450,618450,500129,618887,529
1787261531,38104432,97914880,33554432,119952,6267,8673,14744,625809,132393,132393,4633245,632840,13,17,4.9,4.8,25.1,19.8,44.9,58.0,2.9,97.1,2.88,0,0,0.00,0.00,0.0,0.0,0.00,0.00,0.00,0.0,0,0.0,19556,0,0.6770,65949.5,730069,730060,4857,19488,493416,625615,625599,633107,633107,500889,633547,529
1787261532,43430784,96423936,33554432,129328,6777,10588,9888,633897,141571,141571,4642621,642509,2,0,3.5,4.2,15.6,20.6,36.2,49.0,3.0,97.0,2.22,0,0,0.00,0.00,0.0,0.0,0.00,0.00,0.00,0.0,0,0.0,22057,156,1.0000,2000.0,751074,751074,4857,9744,492326,633703,633687,642776,642776,501399,643216,529
1787261534,45242488,96919552,33554432,136965,7161,8981,8023,641065,149108,149108,4650258,650430,6,0,3.8,3.5,22.3,9.7,32.0,24.0,3.2,96.8,2.17,0,0,0.00,0.00,0.0,0.0,0.00,0.00,0.00,0.0,0,0.0,24505,156,1.0000,2000.0,770083,770080,4857,14616,491957,640871,640855,650697,650697,501783,651137,529
1787261535,42926848,96919552,33554432,144114,7575,5141,7565,648587,156161,156161,4657407,657899,6,0,2.9,4.6,10.3,20.3,30.6,56.0,3.4,96.6,2.23,0,0,0.00,0.00,0.0,0.0,0.00,0.00,0.00,0.0,0,0.0,26950,156,1.0000,2000.0,788672,788669,4857,14616,492426,648393,648377,658164,658164,502197,658605,529
1787261536,37642216,96002048,33554432,153866,8106,5051,10285,659367,165854,165854,4667159,668149,17,26,3.9,3.3,22.9,14.1,37.0,51.0,3.6,96.4,2.64,0,0,0.00,0.00,0.0,0.0,0.00,0.00,0.00,0.0,0,0.0,29152,0,0.6084,79532.5,810636,810624,4857,24360,493513,659173,659157,668414,668414,502728,668855,529
1787261537,43209920,96104448,33554432,160729,8464,7064,7223,664934,172559,172559,4674022,675190,6,0,3.1,3.5,13.8,17.1,30.9,40.0,3.7,96.3,2.25,0,0,0.00,0.00,0.0,0.0,0.00,0.00,0.00,0.0,0,0.0,31757,156,1.0000,2000.0,829697,829697,4857,29232,492375,664740,664724,675451,675451,503086,675894,529
1787261539,45573736,89530368,33554432,166552,8765,6353,6126,670185,178295,178295,4679845,681228,3,1,3.2,3.6,16.0,12.6,28.6,20.0,3.8,96.2,1.97,0,0,0.00,0.00,0.0,0.0,0.00,0.00,0.00,0.0,0,0.0,34262,155,1.0000,2000.0,847244,847241,4857,0,491890,669991,669975,681489,681489,503387,681932,529
1787261540,46126264,194101248,33554432,172297,9061,4238,6043,675743,183966,183966,4685590,687195,8,1,3.3,4.1,18.8,8.8,27.6,49.0,3.9,96.1,4.17,0,0,0.00,0.00,0.0,0.0,0.00,0.00,0.00,0.0,0,0.0,36667,156,1.0000,2000.0,864370,864362,4851,0,491777,675549,675533,687456,687456,503683,687899,529
1787261541,35033608,86646784,33554432,178497,9391,4131,6532,684112,190064,190064,4691790,693746,50,124,3.7,3.7,15.9,12.8,28.7,46.0,4.1,95.9,2.06,0,0,0.00,0.00,0.0,0.0,0.00,0.00,0.00,0.0,0,0.0,39078,0,0.2212,156207.4,882617,882571,4857,19488,494048,683918,683902,694008,694008,504013,694451,530
1787261542,42898928,86560768,33554432,186295,9820,5988,8229,690188,197753,197753,4699588,701740,7,1,3.4,3.7,15.6,18.7,34.3,39.0,4.2,95.8,2.03,0,0,0.00,0.00,0.0,0.0,0.00,0.00,0.00,0.0,0,0.0,41586,157,1.0000,2000.0,903697,903694,4857,19488,492435,689994,689978,702002,702002,504442,702445,530
1787261544,44981992,85889024,33554432,191503,10093,5773,5483,694901,202892,202892,4704796,707151,7,0,3.1,3.5,12.3,14.6,26.9,18.5,4.3,95.7,1.95,0,0,0.00,0.00,0.0,0.0,0.00,0.00,0.00,0.0,0,0.0,44152,156,1.0000,2000.0,920765,920760,4857,9744,492009,694707,694691,707413,707413,504715,707856,530
1787261545,47243360,88915968,33554432,196751,10373,3862,5530,699603,208053,208053,4710044,712592,5,0,3.1,3.3,14.8,12.3,27.1,43.0,4.4,95.6,1.88,0,0,0.00,0.00,0.0,0.0,0.00,0.00,0.00,0.0,0,0.0,46691,156,1.0000,2000.0,937806,937802,4857,4872,491550,699409,699393,712854,712854,504995,713297,530
1787261546,38704032,86261760,33554432,201772,10664,3697,5314,706294,213002,213002,4715065,717831,2,0,2.6,3.4,14.8,10.7,25.5,43.0,4.5,95.5,2.14,0,0,0.00,0.00,0.0,0.0,0.00,0.00,0.00,0.0,0,0.0,49210,0,0.8054,40523.4,954400,954400,4795,9744,493292,706100,706084,718094,718094,505286,718537,531
1787261547,42487440,86294528,33554432,209080,11035,5265,7681,712739,220215,220215,4722373,725414,7,1,3.5,3.6,20.7,12.7,33.4,37.0,4.7,95.3,2.06,0,0,0.00,0.00,0.0,0.0,0.00,0.00,0.00,0.0,0,0.0,51758,156,1.0000,2000.0,975446,975441,4857,9744,492524,712545,712529,725679,725679,505657,726122,533
1787261549,45136568,86315008,33554432,213992,11292,5269,5171,717027,225044,225044,4727285,730499,6,0,2.9,4.2,14.5,11.8,26.3,18.0,4.8,95.2,1.92,0,0,0.00,0.00,0.0,0.0,0.00,0.00,0.00,0.0,0,0.0,54323,156,1.0000,2000.0,992250,992248,4857,19488,491983,716833,716817,730764,730764,505914,731207,533
1787261550,47439912,81145856,33554432,218639,11548,3561,4905,721128,229608,229608,4731932,735361,149,43,2.7,3.1,16.1,9.7,25.8,42.0,4.9,95.1,1.73,0,0,0.00,0.00,0.0,0.0,0.00,0.00,0.00,0.0,0,0.0,56837,117,1.0000,2000.0,1008665,1008516,4857,0,491520,720934,720918,735627,735627,506170,736070,534
1787261551,39255744,81207296,33554432,223161,11790,3388,4766,727223,234042,234042,4736454,740036,13,43,2.7,3.0,14.8,9.6,24.4,39.0,4.9,95.1,1.91,0,0,0.00,0.00,0.0,0.0,0.00,0.00,0.00,0.0,0,0.0,59421,79,0.8508,31533.3,1024585,1024577,4857,24360,493181,727029,727013,740303,740303,506412,740746,535
1787261552,42639616,81235968,33554432,229504,12136,4624,6691,732800,240304,240304,4742797,746602,8,1,3.2,3.5,18.3,12.5,30.8,34.0,5.1,94.9,1.92,0,0,0.00,0.00,0.0,0.0,0.00,0.00,0.00,0.0,0,0.0,62096,156,1.0000,2000.0,1044316,1044312,4857,19488,492496,732606,732590,746869,746869,506758,747312,535
1787261554,45227968,80654336,33554432,233616,12378,4363,4356,736313,244349,244349,4746909,750892,4,2,2.4,3.0,14.8,9.5,24.3,16.0,5.1,94.9,1.81,0,0,0.00,0.00,0.0,0.0,0.00,0.00,0.00,0.0,0,0.0,64745,156,1.0000,2000.0,1059782,1059782,4857,19488,491964,736119,736103,751157,751157,507000,751601,535
1787261555,47356040,80654336,33554432,237485,12562,2956,4055,739690,248156,248156,4750778,754903,76,20,2.5,3.4,14.1,9.2,23.3,37.0,5.2,94.8,1.71,0,0,0.00,0.00,0.0,0.0,0.00,0.00,0.00,0.0,0,0.0,67382,139,1.0000,2000.0,1074682,1074606,4857,0,491534,739496,739480,755166,755166,507184,755611,535
1787261556,39491880,80654336,33554432,241377,12768,2988,4100,745120,251987,251987,4754670,758948,18,28,3.1,3.5,17.3,5.1,22.4,35.0,5.3,94.7,1.95,0,0,0.00,0.00,0.0,0.0,0.00,0.00,0.00,0.0,0,0.0,70002,100,0.8874,24297.6,1089501,1089488,4857,24360,493133,744926,744910,759211,759211,507390,759656,535
1787261557,42808208,80801792,33554432,245974,13027,3485,4858,748970,256513,256513,4759267,763705,7,0,2.5,3.3,13.6,12.0,25.6,28.0,5.4,94.6,1.93,0,0,0.00,0.00,0.0,0.0,0.00,0.00,0.00,0.0,0,0.0,72865,156,1.0000,2000.0,1105797,1105794,4857,19488,492457,748776,748760,763968,763968,507649,764413,535
1787261559,45689152,80801792,33554432,249415,13197,3325,3613,751766,259900,259900,4762708,767263,6,1,2.2,2.9,11.3,10.3,21.6,14.0,5.5,94.5,1.78,0,0,0.00,0.00,0.0,0.0,0.00,0.00,0.00,0.0,0,0.0,75581,156,1.0000,2000.0,1119913,1119913,4857,29232,491866,751572,751556,767526,767526,507819,767971,535
1787261560,48065896,114892800,33554432,252726,13371,2603,3487,754536,263153,263153,4766019,770713,90,24,2.0,3.2,14.0,7.2,21.2,34.0,5.5,94.5,2.39,0,0,0.00,0.00,0.0,0.0,0.00,0.00,0.00,0.0,0,0.0,78266,134,1.0000,2000.0,1133772,1133682,4857,0,491383,754342,754326,770976,770976,507993,771421,535
1787261561,39336272,81092608,33554432,255833,13566,2483,3304,759384,266217,266217,4769126,773964,7,14,2.6,3.2,13.4,6.7,20.1,29.0,5.6,94.4,2.02,0,0,0.00,0.00,0.0,0.0,0.00,0.00,0.00,0.0,0,0.0,80991,83,0.8610,29522.7,1147109,1147106,4857,19488,493167,759190,759174,774228,774228,508188,774673,536
1787261562,43156680,81186816,33554432,259513,13738,2872,3854,762221,269840,269840,4772806,777742,2,1,2.1,3.1,17.6,5.1,22.7,28.0,5.7,94.3,1.91,0,0,0.00,0.00,0.0,0.0,0.00,0.00,0.00,0.0,0,0.0,83925,156,1.0000,2000.0,1161611,1161609,4857,0,492381,762027,762011,778007,778007,508360,778452,537
1787261564,45329616,80060416,33554432,262331,13883,2637,2965,764546,272606,272606,4775624,780654,3,2,2.7,3.4,14.9,5.0,19.9,12.5,5.7,94.3,1.77,0,0,0.00,0.00,0.0,0.0,0.00,0.00,0.00,0.0,0,0.0,86671,156,1.0000,2000.0,1174531,1174531,4857,14616,491940,764352,764336,780919,780919,508505,781364,537
1787261565,47793056,80191488,33554432,265266,14038,2368,3092,766937,275497,275497,4778559,783726,96,28,2.1,4.0,15.2,5.0,20.2,31.0,5.8,94.2,1.69,0,0,0.00,0.00,0.0,0.0,0.00,0.00,0.00,0.0,0,0.0,89419,132,1.0000,2000.0,1187689,1187593,4798,0,491440,766743,766727,783991,783991,508660,784436,537
1787261566,39207344,80211968,33554432,267888,14191,2171,2777,771272,278079,278079,4781181,786488,26,54,1.7,2.6,12.6,5.7,18.3,25.0,5.8,94.2,1.90,0,0,0.00,0.00,0.0,0.0,0.00,0.00,0.00,0.0,0,0.0,92197,70,0.8448,32728.6,1199996,1199974,4857,19488,493193,771078,771062,786753,786753,508813,787198,537
1787261567,42555216,80216064,33554432,270872,14361,2434,3156,773509,281002,281002,4784165,789526,6,0,2.1,3.5,12.0,8.6,20.6,25.0,5.9,94.1,1.89,0,0,0.00,0.00,0.0,0.0,0.00,0.00,0.00,0.0,0,0.0,95042,157,1.0000,2000.0,1213235,1213233,4857,19488,492507,773315,773299,789791,789791,508983,790236,537
1787261569,45109560,80216064,33554432,273389,14505,2203,2663,775466,283479,283479,4786682,792147,6,0,2.2,3.0,12.0,7.0,19.0,12.5,5.9,94.1,1.80,0,0,0.00,0.00,0.0,0.0,0.00,0.00,0.00,0.0,0,0.0,97707,156,1.0000,2000.0,1225619,1225619,4857,29232,491987,775272,775256,792412,792412,509127,792857,537
1787261570,47640080,79183872,33554432,275802,14620,2006,2530,777333,285861,285861,4789095,794648,13,4,2.1,2.7,11.0,7.6,18.6,28.0,6.0,94.0,1.67,0,0,0.00,0.00,0.0,0.0,0.00,0.00,0.00,0.0,0,0.0,100241,156,1.0000,2000.0,1237705,1237692,4853,0,491472,777139,777123,794913,794913,509242,795358,537
1787261571,42549048,79323136,33554432,278194,14750,1998,2524,780718,288208,288208,4791487,797122,2,1,2.5,2.8,12.0,6.3,18.3,24.0,6.0,94.0,1.89,0,0,0.00,0.00,0.0,0.0,0.00,0.00,0.00,0.0,0,0.0,102765,157,1.0000,2000.0,1249840,1249840,4857,9744,492510,780524,780508,797387,797387,509372,797832,537
1787261572,45933512,80089088,33554432,280579,14881,1997,2518,782355,290535,290535,4793872,799579,6,0,1.9,3.6,6.1,12.3,18.4,24.0,6.1,93.9,1.75,0,0,0.00,0.00,0.0,0.0,0.00,0.00,0.00,0.0,0,0.0,105285,157,1.0000,2000.0,1261962,1261962,4857,29232,491820,782161,782145,799844,799844,509503,800289,537
1787261574,50342424,79740928,33554432,282977,15009,1998,2528,783815,292894,292894,4796270,802065,7,0,2.0,2.8,11.7,7.2,18.9,12.0,6.1,93.9,1.61,0,0,0.00,0.00,0.0,0.0,0.00,0.00,0.00,0.0,0,0.0,107814,156,1.0000,2000.0,1274081,1274078,4857,19488,490921,783621,783605,802331,802331,509631,802776,538
1787261575,53419656,111124480,33554432,285368,15138,1997,2522,785526,295231,295231,4798661,804533,6,2,1.9,2.7,10.4,8.4,18.8,26.0,6.2,93.8,2.03,0,0,0.00,0.00,0.0,0.0,0.00,0.00,0.00,0.0,0,0.0,110339,156,1.0000,2000.0,1286129,1286128,4857,24360,490295,785332,785316,804799,804799,509760,805244,538
1787261576,53854304,85553152,33554432,287755,15278,1998,2529,787768,297561,297561,4801048,807002,7,1,2.1,3.1,11.7,7.2,18.9,22.0,6.2,93.8,1.61,0,0,0.00,0.00,0.0,0.0,0.00,0.00,0.00,0.0,0,0.0,112870,157,1.0000,2000.0,1298242,1298239,4857,19488,490207,787574,787558,807268,807268,509900,807713,538
1787261577,59883456,88240128,33554432,290170,15385,1997,2524,788902,299924,299924,4803463,809471,2,0,2.1,2.8,7.3,12.0,19.3,23.0,6.2,93.8,1.48,0,0,0.00,0.00,0.0,0.0,0.00,0.00,0.00,0.0,0,0.0,115395,156,1.0000,2000.0,1310244,1310244,4857,9744,488978,788708,788692,809737,809737,510007,810182,538
1787261579,65742544,92110848,33554432,292550,15524,1998,2521,790011,302228,302228,4805843,811914,6,0,2.2,2.5,14.1,5.0,19.1,11.0,6.3,93.7,1.42,0,0,0.00,0.00,0.0,0.0,0.00,0.00,0.00,0.0,0,0.0,117919,157,1.0000,2000.0,1322199,1322198,4857,24360,487783,789817,789801,812180,812180,510146,812625,538
1787261580,67565760,98377728,33554432,294946,15642,1998,2516,791971,304559,304559,4808239,814363,8,1,2.0,2.8,14.1,5.0,19.1,24.0,6.3,93.7,1.41,0,0,0.00,0.00,0.0,0.0,0.00,0.00,0.00,0.0,0,0.0,120436,156,1.0000,2000.0,1334157,1334154,4857,24360,487412,791777,791761,814630,814630,510264,815075,539
1787261581,72768296,102109184,33554432,297331,15773,1998,2518,793217,306862,306862,4810624,816796,5,1,1.7,3.6,8.2,11.3,19.5,22.0,6.4,93.6,1.40,0,0,0.00,0.00,0.0,0.0,0.00,0.00,0.00,0.0,0,0.0,122957,156,1.0000,2000.0,1346025,1346025,4857,24360,486355,793023,793007,817064,817064,510395,817509,540
1787261582,79375656,106020864,33554432,299705,15914,1999,2517,794181,309176,309176,4812998,819248,1,0,2.1,2.7,12.7,7.2,19.9,22.0,6.4,93.6,1.34,0,0,0.00,0.00,0.0,0.0,0.00,0.00,0.00,0.0,0,0.0,125476,156,1.0000,2000.0,1357959,1357958,4857,0,485005,793987,793971,819518,819518,510536,819963,542
1787261584,86019104,113004544,33554432,302085,16051,1999,2519,795099,311447,311447,4815378,821656,8,1,2.4,3.5,9.6,10.4,20.0,11.0,6.5,93.5,1.31,0,0,0.00,0.00,0.0,0.0,0.00,0.00,0.00,0.0,0,0.0,127996,156,1.0000,2000.0,1369827,1369824,4857,24360,483652,794905,794889,821927,821927,510673,822372,543
1787261585,87854808,118755328,33554432,304466,16191,1998,2523,797019,313742,313742,4817759,824090,2,0,3.1,3.4,12.6,7.4,20.0,23.0,6.5,93.5,1.34,0,0,0.00,0.00,0.0,0.0,0.00,0.00,0.00,0.0,0,0.0,130522,156,1.0000,2000.0,1381686,1381684,4857,0,483277,796825,796809,824361,824361,510813,824806,543
1787261586,94325240,123002880,33554432,306864,16315,1998,2524,798002,316045,316045,4820157,826517,1,0,1.5,3.5,14.0,6.3,20.3,22.0,6.6,93.4,1.31,0,0,0.00,0.00,0.0,0.0,0.00,0.00,0.00,0.0,0,0.0,133048,156,1.0000,2000.0,1393507,1393506,4857,0,481957,797808,797792,826788,826788,510937,827233,543
1787261587,100374288,127062016,33554432,309253,16445,1998,2521,799072,318346,318346,4822546,828948,5,1,1.4,2.9,16.3,4.2,20.5,22.0,6.6,93.4,1.27,0,0,0.00,0.00,0.0,0.0,0.00,0.00,0.00,0.0,0,0.0,135573,158,1.0000,2000.0,1405356,1405355,4857,19488,480726,798878,798862,829220,829220,511067,829665,544
1787261589,105522000,132427776,33554432,311649,16569,1996,2522,800306,320629,320629,4824942,831354,2,0,1.8,2.8,14.0,6.7,20.7,11.5,6.6,93.4,1.26,0,0,0.00,0.00,0.0,0.0,0.00,0.00,0.00,0.0,0,0.0,138095,157,1.0000,2000.0,1417078,1417076,4857,0,479677,800112,800096,831626,831626,511191,832071,544
1787261590,100334936,134410240,33554432,314031,16707,1999,2522,803652,322923,322923,4827324,833786,2,0,1.7,2.9,13.6,6.9,20.5,24.0,6.7,93.3,1.31,0,0,0.00,0.00,0.0,0.0,0.00,0.00,0.00,0.0,0,0.0,140618,156,1.0000,2000.0,1428982,1428980,4857,0,480729,803458,803442,834058,834058,511329,834503,544
1787261591,99856376,134516736,33554432,316431,16831,1997,2526,806065,325238,325238,4829724,836225,5,1,2.9,3.3,10.3,10.2,20.5,25.0,6.7,93.3,1.35,0,0,0.00,0.00,0.0,0.0,0.00,0.00,0.00,0.0,0,0.0,143146,156,1.0000,2000.0,1440858,1440858,4852,24360,480827,805871,805855,836498,836498,511453,836943,545
1787261593,95996176,134692864,33554432,318823,16961,1999,2524,809137,327527,327527,4832116,838639,2,0,2.1,2.7,12.2,8.0,20.2,12.5,6.8,93.2,1.41,0,0,0.00,0.00,0.0,0.0,0.00,0.00,0.00,0.0,0,0.0,145673,156,1.0000,2000.0,1452747,1452745,4857,0,481610,808943,808927,838916,838916,511583,839361,549
1787261594,87800648,134795264,33554432,321232,17073,1998,2523,813141,329858,329858,4834525,841081,4,2,2.8,3.3,5.8,14.0,19.8,33.0,6.8,93.2,1.54,0,0,0.00,0.00,0.0,0.0,0.00,0.00,0.00,0.0,0,0.0,148198,156,1.0000,2000.0,1464693,1464691,4857,9744,483283,812947,812931,841361,841361,511695,841806,552
1787261595,65293144,135000064,33554432,323626,17211,1998,2534,820053,332178,332178,4836919,843536,6,0,1.8,3.4,15.0,3.8,18.8,30.0,6.9,93.1,1.95,0,0,0.00,0.00,0.0,0.0,0.00,0.00,0.00,0.0,0,0.0,150734,156,1.0000,2000.0,1476863,1476861,4857,19488,487875,819859,819843,843817,843817,511833,844262,553
1787261596,39801472,135127040,33554432,326011,17341,1998,2517,827583,334514,334514,4839304,846010,10,8,2.7,3.4,10.3,7.6,17.9,35.0,6.9,93.1,3.26,0,0,0.00,0.00,0.0,0.0,0.00,0.00,0.00,0.0,0,0.0,153243,128,0.9304,15786.7,1488996,1488990,4857,19488,493069,827389,827373,846291,846291,511963,846736,553
1787261598,45334568,135454720,33554432,333959,17768,5650,8377,834308,342367,342367,4847252,854286,3,1,3.8,4.0,22.1,12.9,35.0,21.5,7.1,92.9,3.05,0,0,0.00,0.00,0.0,0.0,0.00,0.00,0.00,0.0,0,0.0,155884,156,1.0000,2000.0,1509309,1509306,4857,0,491941,834114,834098,854564,854564,512390,855011,554
1787261599,46200032,141545472,33554432,340537,18127,4767,6939,840623,348858,348858,4853830,861161,97,26,3.0,3.6,16.9,12.9,29.8,50.0,7.2,92.8,3.05,0,0,0.00,0.00,0.0,0.0,0.00,0.00,0.00,0.0,0,0.0,158313,133,1.0000,2000.0,1527361,1527264,4857,0,491765,840429,840413,861439,861439,512749,861886,554
1787261600,39276192,130473984,33554432,347482,18516,4971,7336,848897,355717,355717,4860775,868417,12,33,3.2,4.5,18.7,11.5,30.2,52.0,7.3,92.7,3.16,0,0,0.00,0.00,0.0,0.0,0.00,0.00,0.00,0.0,0,0.0,160747,81,0.8531,31084.8,1545566,1545559,4857,24360,493180,848703,848687,868695,868695,513138,869142,554
1787261601,41957384,122884096,33554432,358844,19112,7706,11960,859572,366952,366952,4872137,880221,7,1,4.5,3.9,26.2,16.3,42.5,49.0,7.5,92.5,3.02,0,0,0.00,0.00,0.0,0.0,0.00,0.00,0.00,0.0,0,0.0,163104,157,1.0000,2000.0,1570004,1570000,4857,14616,492620,859378,859362,880493,880493,513734,880943,554
1787261603,44202704,118312960,33554432,365679,19469,7872,7194,865875,373705,373705,4878972,887331,8,1,4.0,3.4,16.3,13.6,29.9,21.0,7.7,92.3,2.70,0,0,0.00,0.00,0.0,0.0,0.00,0.00,0.00,0.0,0,0.0,165570,156,1.0000,2000.0,1588321,1588318,4857,24360,492170,865681,865665,887603,887603,514091,888053,554
1787261604,46603360,121384960,33554432,372636,19865,5006,7355,872237,380560,380560,4885929,894591,37,10,3.6,3.6,19.7,10.5,30.2,51.0,7.8,92.2,2.60,0,0,0.00,0.00,0.0,0.0,0.00,0.00,0.00,0.0,0,0.0,168039,149,1.0000,2000.0,1606808,1606771,4857,0,491677,872043,872027,894863,894863,514487,895313,554
1787261605,37154648,213737472,33554432,379906,20254,5001,7661,881321,387712,387712,4893199,902196,51,72,3.9,4.1,23.3,7.1,30.4,56.0,7.9,92.1,5.05,0,0,0.00,0.00,0.0,0.0,0.00,0.00,0.00,0.0,0,0.0,170458,0,0.5509,90920.0,1625478,1625431,4857,19488,493609,881127,881111,902466,902466,514876,902917,554
1787261606,39101024,95588352,33554432,391000,20843,6862,11685,891913,398699,398699,4904293,913792,20,88,4.4,4.3,17.5,22.4,39.9,49.0,8.1,91.9,2.86,0,0,0.00,0.00,0.0,0.0,0.00,0.00,0.00,0.0,0,0.0,172470,0,0.8256,36527.1,1648370,1648354,4851,19488,493214,891719,891703,914060,914060,515465,914512,554
1787261607,43534256,95588352,33554432,398900,21288,8542,8347,898814,406504,406504,4912193,921952,5,0,3.9,4.3,23.4,9.1,32.5,45.0,8.3,91.7,2.21,0,0,0.00,0.00,0.0,0.0,0.00,0.00,0.00,0.0,0,0.0,174999,157,1.0000,2000.0,1668051,1668051,4857,24360,492310,898620,898604,922220,922220,515910,922672,554
1787261609,45842720,95588352,33554432,406302,21673,8418,7789,905631,413797,413797,4919595,929629,6,0,3.4,3.6,15.8,15.1,30.9,22.5,8.4,91.6,2.12,0,0,0.00,0.00,0.0,0.0,0.00,0.00,0.00,0.0,0,0.0,177441,156,1.0000,2000.0,1686850,1686846,4857,9744,491834,905437,905421,929898,929898,516295,930350,555
1787261610,41548584,95588352,33554432,412960,22016,4774,7003,913096,420382,420382,4926253,936559,7,0,3.9,3.6,20.0,9.0,29.0,58.0,8.5,91.5,2.23,0,0,0.00,0.00,0.0,0.0,0.00,0.00,0.00,0.0,0,0.0,179912,156,1.0000,2000.0,1705050,1705047,4857,19488,492714,912902,912886,936826,936826,516638,937279,555
1787261611,41781816,95703040,33554432,422342,22525,6572,9893,922305,429640,429640,4935635,946326,7,0,4.2,3.6,22.8,15.0,37.8,46.0,8.7,91.3,2.34,0,0,0.00,0.00,0.0,0.0,0.00,0.00,0.00,0.0,0,0.0,182424,156,1.0000,2000.0,1727932,1727928,4857,14616,492665,922111,922095,946593,946593,517147,947046,555
1787261613,44281400,95703040,33554432,427544,22816,5925,5495,926910,434759,434759,4940837,951738,7,0,2.7,3.4,15.8,11.1,26.9,38.0,8.8,91.2,2.18,0,0,0.00,0.00,0.0,0.0,0.00,0.00,0.00,0.0,0,0.0,184966,156,1.0000,2000.0,1744974,1744973,4857,29232,492151,926716,926700,952003,952003,517438,952457,555
1787261614,46882928,95449088,33554432,432652,23107,3787,5401,931420,439802,439802,4945945,957071,1,1,2.5,3.7,15.7,11.0,26.7,20.0,8.9,91.1,2.04,0,0,0.00,0.00,0.0,0.0,0.00,0.00,0.00,0.0,0,0.0,187543,156,1.0000,2000.0,1761958,1761957,4857,0,491618,931226,931210,957338,957338,517729,957792,557
1787261615,39989000,95461376,33554432,437625,23375,3687,5243,937714,444683,444683,4950918,962222,7,3,3.1,3.5,14.4,11.7,26.1,46.0,9.0,91.0,2.27,0,0,0.00,0.00,0.0,0.0,0.00,0.00,0.00,0.0,0,0.0,190097,142,0.9661,8715.4,1778903,1778901,4857,24360,493031,937520,937504,962489,962489,517997,962943,557
1787261616,42453448,95461376,33554432,444733,23754,5057,7489,944221,451697,451697,4958026,969612,5,0,3.7,3.2,18.1,15.2,33.3,37.0,9.1,90.9,2.25,0,0,0.00,0.00,0.0,0.0,0.00,0.00,0.00,0.0,0,0.0,192714,157,1.0000,2000.0,1800017,1800014,4739,9744,492524,944027,944011,969879,969879,518376,970333,557
1787261618,44857968,95461376,33554432,449282,24010,4900,4807,948200,456164,456164,4962575,974337,3,1,2.8,3.8,17.7,7.6,25.3,17.5,9.2,90.8,2.15,0,0,0.00,0.00,0.0,0.0,0.00,0.00,0.00,0.0,0,0.0,195298,156,1.0000,2000.0,1816363,1816360,4857,0,492036,948006,947990,974603,974603,518632,975058,558
1787261619,47402600,115810304,33554432,453747,24234,3346,4691,952073,460549,460549,4967040,978972,94,27,2.4,3.7,15.0,10.0,25.0,40.0,9.3,90.7,2.44,0,0,0.00,0.00,0.0,0.0,0.00,0.00,0.00,0.0,0,0.0,197884,131,1.0000,2000.0,1832504,1832410,4852,0,491524,951879,951863,979238,979238,518856,979693,558
1787261620,39359736,95584256,33554432,458037,24463,3247,4521,957945,464781,464781,4971330,983450,17,42,3.3,3.3,12.5,11.3,23.8,39.0,9.3,90.7,2.38,0,0,0.00,0.00,0.0,0.0,0.00,0.00,0.00,0.0,0,0.0,200509,95,0.8692,27903.3,1848004,1847991,4857,19488,493164,957751,957735,983714,983714,519085,984170,558
1787261621,42443016,95584256,33554432,464004,24792,4373,6298,963190,470661,470661,4977297,989617,3,1,3.3,3.6,19.6,10.4,30.0,34.0,9.5,90.5,2.28,0,0,0.00,0.00,0.0,0.0,0.00,0.00,0.00,0.0,0,0.0,203217,156,1.0000,2000.0,1866917,1866917,4857,14616,492529,962996,962980,989882,989882,519414,990338,559
1787261623,45188144,95584256,33554432,468217,25021,4320,4444,966778,474810,474810,4981510,993995,2,1,3.0,3.4,14.7,9.6,24.3,16.0,9.5,90.5,2.12,0,0,0.00,0.00,0.0,0.0,0.00,0.00,0.00,0.0,0,0.0,205822,156,1.0000,2000.0,1882517,1882517,4857,9744,491968,966584,966568,994260,994260,519643,994716,559
1787261624,47290128,95399936,33554432,472157,25214,3014,4135,970214,478673,478673,4985450,998082,103,30,2.0,3.4,12.1,11.1,23.2,36.0,9.6,90.4,2.04,0,0,0.00,0.00,0.0,0.0,0.00,0.00,0.00,0.0,0,0.0,208465,129,1.0000,2000.0,1897597,1897494,4857,0,491541,970020,970004,998345,998345,519836,998802,559
1787261625,39247520,95555584,33554432,475967,25431,2940,4029,975610,482424,482424,4989260,1002070,13,49,3.1,3.7,10.4,11.8,22.2,35.0,9.7,90.3,2.23,0,0,0.00,0.00,0.0,0.0,0.00,0.00,0.00,0.0,0,0.0,211104,81,0.8493,31842.0,1912304,1912296,4857,24360,493186,975416,975400,1002333,1002333,520053,1002790,559
1787261626,43074072,95645696,33554432,480674,25669,3541,4947,979445,487042,487042,4993967,1006877,3,1,3.2,3.3,14.9,11.3,26.2,29.0,9.8,90.2,2.24,0,0,0.00,0.00,0.0,0.0,0.00,0.00,0.00,0.0,0,0.0,213907,156,1.0000,2000.0,1928735,1928732,4857,0,492403,979251,979235,1007140,1007140,520291,1007597,559
1787261628,45521840,101384192,33554432,484113,25843,3399,3615,982330,490426,490426,4997406,1010433,2,1,2.2,3.3,10.7,11.2,21.9,14.5,9.8,90.2,2.27,0,0,0.00,0.00,0.0,0.0,0.00,0.00,0.00,0.0,0,0.0,216607,156,1.0000,2000.0,1942865,1942865,4857,9744,491904,982136,982120,1010698,1010698,520465,1011155,561
1787261629,47692344,101384192,33554432,487326,26000,2539,3372,985048,493582,493582,5000619,1013778,105,33,2.3,3.1,12.9,8.1,21.0,35.0,9.9,90.1,2.14,0,0,0.00,0.00,0.0,0.0,0.00,0.00,0.00,0.0,0,0.0,219280,127,1.0000,2000.0,1956517,1956412,4857,0,491466,984854,984838,1014043,1014043,520622,1014500,561
1787261630,39437472,101392384,33554432,490590,26198,2573,3464,989935,496791,496791,5003883,1017180,20,28,2.8,3.4,13.8,6.9,20.7,29.0,9.9,90.1,2.41,0,0,0.00,0.00,0.0,0.0,0.00,0.00,0.00,0.0,0,0.0,221996,94,0.8796,25848.9,1970183,1970168,4857,24360,493144,989741,989725,1017445,1017445,520820,1017902,561
1787261631,43377880,100884480,33554432,493798,26393,2585,3405,992282,499945,499945,5007091,1020501,3,1,2.2,3.4,6.4,15.0,21.4,26.0,10.0,90.0,2.33,0,0,0.00,0.00,0.0,0.0,0.00,0.00,0.00,0.0,0,0.0,225004,156,1.0000,2000.0,1983869,1983866,4857,0,492337,992088,992072,1020767,1020767,521015,1021224,562
1787261633,45072544,99352576,33554432,496343,26527,2492,2681,994435,502443,502443,5009636,1023132,7,0,2.3,2.7,10.8,8.0,18.8,12.0,10.0,90.0,2.24,0,0,0.00,0.00,0.0,0.0,0.00,0.00,0.00,0.0,0,0.0,227686,156,1.0000,2000.0,1996273,1996270,4857,19488,491992,994241,994225,1023398,1023398,521149,1023855,562
1787261634,47273376,113274880,33554432,498897,26653,2092,2682,996492,504950,504950,5012190,1025765,6,1,2.3,2.5,14.6,4.6,19.2,29.0,10.1,89.9,2.39,0,0,0.00,0.00,0.0,0.0,0.00,0.00,0.00,0.0,0,0.0,230370,156,1.0000,2000.0,2008612,2008611,4802,24360,491542,996298,996282,1026032,1026032,521275,1026489,563
1787261635,42048496,95801344,33554432,501297,26782,1999,2531,999909,507301,507301,5014590,1028243,6,0,2.3,3.0,10.8,7.3,18.1,24.0,10.1,89.9,2.32,0,0,0.00,0.00,0.0,0.0,0.00,0.00,0.00,0.0,0,0.0,232903,156,1.0000,2000.0,2020824,2020824,4857,29232,492608,999715,999699,1028511,1028511,521404,1028968,564
1787261636,45888184,95801344,33554432,503697,26906,1998,2526,1001481,509656,509656,5016990,1030721,7,0,1.9,3.1,10.9,7.7,18.6,23.0,10.2,89.8,2.10,0,0,0.00,0.00,0.0,0.0,0.00,0.00,0.00,0.0,0,0.0,235431,156,1.0000,2000.0,2032961,2032959,4857,24360,491825,1001287,1001271,1030990,1030990,521528,1031447,565
1787261638,50044072,95801344,33554432,506101,27026,1998,2526,1002986,512009,512009,5019394,1033194,2,0,1.7,3.1,9.8,8.8,18.6,11.5,10.2,89.8,1.95,0,0,0.00,0.00,0.0,0.0,0.00,0.00,0.00,0.0,0,0.0,237960,156,1.0000,2000.0,2045113,2045113,4857,9744,490977,1002792,1002776,1033463,1033463,521648,1033920,565
1787261639,51010832,95825920,33554432,508472,27170,1998,2517,1005119,514339,514339,5021765,1035670,6,2,2.3,3.0,13.3,5.1,18.4,27.0,10.2,89.8,1.82,0,0,0.00,0.00,0.0,0.0,0.00,0.00,0.00,0.0,0,0.0,240479,156,1.0000,2000.0,2057192,2057191,4761,24360,490780,1004925,1004909,1035939,1035939,521792,1036396,565
1787261640,52103888,95825920,33554432,510848,27312,1998,2520,1007226,516670,516670,5024141,1038141,2,0,2.0,2.9,8.7,9.8,18.5,22.0,10.3,89.7,1.87,0,0,0.00,0.00,0.0,0.0,0.00,0.00,0.00,0.0,0,0.0,243000,156,1.0000,2000.0,2069257,2069257,4857,9744,490556,1007032,1007016,1038410,1038410,521934,1038867,565
1787261641,57806984,95805440,33554432,513263,27429,1998,2534,1008419,519026,519026,5026556,1040614,6,0,2.2,2.8,12.9,6.0,18.9,22.0,10.3,89.7,1.67,0,0,0.00,0.00,0.0,0.0,0.00,0.00,0.00,0.0,0,0.0,245537,157,1.0000,2000.0,2081344,2081340,4857,9744,489393,1008225,1008209,1040883,1040883,522051,1041340,565
1787261643,63887768,99848192,33554432,515641,27574,1998,2525,1009503,521347,521347,5028934,1043079,4,1,2.2,3.1,7.2,11.7,18.9,11.5,10.4,89.6,1.56,0,0,0.00,0.00,0.0,0.0,0.00,0.00,0.00,0.0,0,0.0,248064,156,1.0000,2000.0,2093365,2093365,4857,19488,488156,1009309,1009293,1043350,1043350,522196,1043807,567
1787261644,65532176,104611840,33554432,518057,27683,1998,2527,1011519,523698,523698,5031350,1045537,6,0,2.9,2.7,12.9,6.2,19.1,24.0,10.4,89.6,1.57,0,0,0.00,0.00,0.0,0.0,0.00,0.00,0.00,0.0,0,0.0,250593,156,1.0000,2000.0,2105411,2105406,4857,4872,487821,1011325,1011309,1045809,1045809,522305,1046266,568
1787261645,72286112,108421120,33554432,520463,27803,1998,2528,1012482,526037,526037,5033756,1047996,4,2,2.1,3.1,11.6,8.2,19.8,23.0,10.5,89.5,1.50,0,0,0.00,0.00,0.0,0.0,0.00,0.00,0.00,0.0,0,0.0,253123,156,1.0000,2000.0,2117376,2117376,4857,19488,486445,1012288,1012272,1048270,1048270,522425,1048727,570
1787261646,79421328,112824320,33554432,522858,27935,1997,2529,1013349,528356,528356,5036151,1050447,4,2,2.4,2.9,14.0,5.8,19.8,21.0,10.5,89.5,1.43,0,0,0.00,0.00,0.0,0.0,0.00,0.00,0.00,0.0,0,0.0,255654,156,1.0000,2000.0,2129328,2129325,4857,4872,484993,1013155,1013139,1050721,1050721,522557,1051178,570
1787261648,86511040,112963584,33554432,525256,28062,1998,2527,1014209,530662,530662,5038549,1052878,2,0,2.8,2.6,13.5,6.7,20.2,11.5,10.5,89.5,1.31,0,0,0.00,0.00,0.0,0.0,0.00,0.00,0.00,0.0,0,0.0,258183,156,1.0000,2000.0,2141240,2141240,4857,9744,483547,1014015,1013999,1053152,1053152,522684,1053609,570
1787261649,89431696,118759424,33554432,527650,28191,1998,2525,1015910,532953,532953,5040943,1055300,5,2,2.9,3.7,11.3,8.8,20.1,22.0,10.6,89.4,1.34,0,0,0.00,0.00,0.0,0.0,0.00,0.00,0.00,0.0,0,0.0,260710,156,1.0000,2000.0,2153162,2153162,4857,24360,482957,1015716,1015700,1055574,1055574,522813,1056031,570
1787261650,96392768,123375616,33554432,530039,28325,1998,2525,1016782,535239,535239,5043332,1057720,6,2,1.9,2.9,15.2,5.3,20.5,21.0,10.6,89.4,1.28,0,0,0.00,0.00,0.0,0.0,0.00,0.00,0.00,0.0,0,0.0,263237,156,1.0000,2000.0,2165042,2165042,4857,29232,481543,1016588,1016572,1057994,1057994,522947,1058451,570
1787261652,103383640,129695744,33554432,532440,28451,2000,2529,1017648,537530,537530,5045733,1060133,2,0,1.9,2.7,15.7,5.3,21.0,10.5,10.7,89.3,1.25,0,0,0.00,0.00,0.0,0.0,0.00,0.00,0.00,0.0,0,0.0,265767,156,1.0000,2000.0,2176852,2176850,4857,0,480118,1017454,1017438,1060409,1060409,523073,1060866,572
1787261653,110212384,135573504,33554432,534828,28587,1996,2526,1018532,539803,539803,5048121,1062542,4,2,2.5,3.3,11.0,10.3,21.3,24.0,10.7,89.3,1.24,0,0,0.00,0.00,0.0,0.0,0.00,0.00,0.00,0.0,0,0.0,268296,156,1.0000,2000.0,2188640,2188637,4857,4872,478729,1018338,1018322,1062820,1062820,523209,1063277,574
1787261654,112041856,141049856,33554432,537238,28703,1998,2528,1020441,542084,542084,5050531,1064938,5,1,2.4,2.6,16.3,5.1,21.4,21.0,10.7,89.3,1.26,0,0,0.00,0.00,0.0,0.0,0.00,0.00,0.00,0.0,0,0.0,270825,156,1.0000,2000.0,2200411,2200411,4857,24360,478357,1020247,1020231,1065216,1065216,523325,1065673,574
1787261655,117755728,145358848,33554432,539624,28841,1996,2526,1021535,544343,544343,5052917,1067332,3,0,1.9,3.9,15.0,6.8,21.8,23.0,10.8,89.2,1.24,0,0,0.00,0.00,0.0,0.0,0.00,0.00,0.00,0.0,0,0.0,273353,156,1.0000,2000.0,2212145,2212142,4857,0,477192,1021341,1021325,1067612,1067612,523463,1068069,576
1787261657,122416144,148267008,33554432,541997,28990,1999,2524,1022842,546603,546603,5055290,1069739,3,2,2.0,3.4,15.2,6.5,21.7,10.0,10.8,89.2,1.21,0,0,0.00,0.00,0.0,0.0,0.00,0.00,0.00,0.0,0,0.0,275882,158,1.0000,2000.0,2223923,2223923,4857,14616,476239,1022648,1022632,1070023,1070023,523612,1070480,580
1787261658,123402472,153149440,33554432,544391,29117,1998,2523,1024933,548897,548897,5057684,1072159,5,1,2.2,3.2,14.5,7.0,21.5,27.0,10.9,89.1,1.23,0,0,0.00,0.00,0.0,0.0,0.00,0.00,0.00,0.0,0,0.0,278405,156,1.0000,2000.0,2235690,2235690,4857,24360,476036,1024739,1024723,1072443,1072443,523739,1072900,580
1787261659,111934840,160014336,33554432,546798,29233,1999,2525,1029542,551173,551173,5060091,1074550,3,1,2.4,3.4,12.9,8.1,21.0,25.0,10.9,89.1,1.42,0,0,0.00,0.00,0.0,0.0,0.00,0.00,0.00,0.0,0,0.0,280932,156,1.0000,2000.0,2247545,2247545,4857,14616,478369,1029348,1029332,1074835,1074835,523855,1075292,581
1787261660,105132440,160145408,33554432,549194,29364,1998,2529,1033203,553445,553445,5062487,1076948,8,1,1.9,4.0,11.1,9.7,20.8,26.0,10.9,89.1,1.54,0,0,0.00,0.00,0.0,0.0,0.00,0.00,0.00,0.0,0,0.0,283462,156,1.0000,2000.0,2259393,2259390,4857,24360,479758,1033009,1032993,1077238,1077238,523986,1077695,586
1787261662,94899816,160276480,33554432,551581,29502,1998,2527,1037578,555736,555736,5064874,1079373,1,0,2.1,3.0,12.3,7.7,20.0,14.0,11.0,89.0,1.70,0,0,0.00,0.00,0.0,0.0,0.00,0.00,0.00,0.0,0,0.0,285991,156,1.0000,2000.0,2271360,2271359,4857,0,481842,1037384,1037368,1079666,1079666,524124,1080123,589
1787261663,76971936,174534656,33554432,553944,29636,1997,2499,1043514,558025,558025,5067237,1081795,2,0,2.1,3.5,11.9,7.0,18.9,37.0,11.0,89.0,2.17,0,0,0.00,0.00,0.0,0.0,0.00,0.00,0.00,0.0,0,0.0,288493,156,1.0000,2000.0,2283315,2283315,4857,9744,485489,1043320,1043304,1082089,1082089,524258,1082546,590
1787261664,47770808,160473088,33554432,556318,29784,1999,2524,1051776,560336,560336,5069611,1084254,7,0,2.4,3.1,12.8,4.9,17.7,32.0,11.1,88.9,3.25,0,0,0.00,0.00,0.0,0.0,0.00,0.00,0.00,0.0,0,0.0,291018,156,1.0000,2000.0,2295585,2295581,4857,14616,491440,1051582,1051566,1084548,1084548,524406,1085005,590
1787261665,43696904,154566656,33554432,565022,30257,6083,9179,1061230,568955,568955,5078315,1093348,4,0,3.6,3.9,21.2,14.4,35.6,49.0,11.2,88.8,3.61,0,0,0.00,0.00,0.0,0.0,0.00,0.00,0.00,0.0,0,0.0,293592,157,1.0000,2000.0,2316428,2316428,4857,19488,492275,1061036,1061020,1093640,1093640,524879,1094098,590
1787261667,45519656,147001344,33554432,572594,30674,7286,7991,1068344,576442,576442,5085887,1101255,2,1,3.6,3.6,23.2,8.7,31.9,23.0,11.3,88.7,3.26,0,0,0.00,0.00,0.0,0.0,0.00,0.00,0.00,0.0,0,0.0,296021,156,1.0000,2000.0,2335374,2335374,4857,9744,491902,1068150,1068134,1101545,1101545,525296,1102004,590
1787261668,41742896,289562624,33554432,580693,31050,5656,8477,1077125,584454,584454,5093986,1109645,16,3,3.3,3.6,19.9,12.1,32.0,64.0,11.5,88.5,6.93,0,0,0.00,0.00,0.0,0.0,0.00,0.00,0.00,0.0,0,0.0,298435,156,1.0000,2000.0,2354635,2354619,4857,0,492671,1076931,1076915,1109935,1109935,525672,1110394,590
1787261669,33328632,132050944,33554432,593230,31716,6644,13205,1091272,596877,596877,5106523,1122847,0,113,4.7,4.4,28.4,13.4,41.8,65.0,11.7,88.3,3.91,0,0,0.00,0.00,0.0,0.0,0.00,0.00,0.00,0.0,0,0.0,300478,0,0.0000,200000.0,2378044,2378044,4857,0,494395,1091078,1091062,1123135,1123135,526338,1123595,590
1787261670,42865440,124116992,33554432,605548,32348,11071,12952,1101497,609052,609052,5118841,1135545,7,0,4.6,3.6,29.8,13.5,43.3,54.0,11.9,88.1,2.92,0,0,0.00,0.00,0.0,0.0,0.00,0.00,0.00,0.0,0,0.0,302775,156,1.0000,2000.0,2402316,2402315,4857,29232,492445,1101303,1101287,1135828,1135828,526970,1136291,591
1787261672,44823896,115884032,33554432,615663,32874,11713,10643,1111108,619070,619070,5128956,1146094,7,1,3.9,3.5,23.6,12.9,36.5,28.0,12.1,87.9,2.64,0,0,0.00,0.00,0.0,0.0,0.00,0.00,0.00,0.0,0,0.0,305080,156,1.0000,2000.0,2423308,2423304,4857,14616,492038,1110914,1110898,1146373,1146373,527496,1146838,591
1787261673,44093288,318234624,33554432,626253,33411,7337,11129,1121749,629557,629557,5139546,1157119,3,1,4.2,4.5,19.9,17.2,37.1,70.0,12.2,87.8,7.21,0,0,0.00,0.00,0.0,0.0,0.00,0.00,0.00,0.0,0,0.0,307203,156,1.0000,2000.0,2444131,2444128,4857,0,492192,1121555,1121539,1157397,1157397,528033,1157863,592
1787261674,36046712,110510080,33554432,636941,34006,7166,11285,1133978,640135,640135,5150234,1168366,41,74,4.8,4.4,21.2,15.4,36.6,65.0,12.4,87.6,2.61,0,0,0.00,0.00,0.0,0.0,0.00,0.00,0.00,0.0,0,0.0,309392,0,0.3727,126205.5,2465505,2465467,4857,14616,493843,1133784,1133768,1168643,1168643,528628,1169110,593
1787261675,41771720,100978688,33554432,651183,34827,10048,15065,1146883,654215,654215,5164476,1183201,6,0,4.8,4.5,30.3,17.1,47.4,57.0,12.7,87.3,2.43,0,0,0.00,0.00,0.0,0.0,0.00,0.00,0.00,0.0,0,0.0,311565,156,1.0000,2000.0,2491727,2491725,4857,19488,492668,1146689,1146673,1183470,1183470,529449,1183941,593
1787261677,44509784,98574336,33554432,658743,35219,9071,7954,1153798,661684,661684,5172036,1191065,3,1,3.0,4.0,15.0,16.6,31.6,22.5,12.8,87.2,2.26,0,0,0.00,0.00,0.0,0.0,0.00,0.00,0.00,0.0,0,0.0,313982,156,1.0000,2000.0,2510602,2510602,4857,14616,492114,1153604,1153588,1191332,1191332,529841,1191804,593
1787261678,46393192,152444928,33554432,666019,35614,5262,7673,1160591,668870,668870,5179312,1198649,6,0,3.1,3.6,13.7,16.7,30.4,56.0,12.9,87.1,3.28,0,0,0.00,0.00,0.0,0.0,0.00,0.00,0.00,0.0,0,0.0,316450,157,1.0000,2000.0,2529271,2529268,4857,14616,491721,1160397,1160381,1198912,1198912,530236,1199386,593
1787261679,36610808,92672000,33554432,673229,35978,4988,7576,1169747,676017,676017,5186522,1206318,81,158,3.4,3.9,14.9,15.0,29.9,51.0,13.0,87.0,2.38,0,0,0.00,0.00,0.0,0.0,0.00,0.00,0.00,0.0,0,0.0,318826,0,0.4567,109572.2,2548027,2547951,4857,24360,493730,1169553,1169537,1206581,1206581,530600,1207055,593
1787261680,42305520,92778496,33554432,683594,36518,7477,10907,1178807,686254,686254,5196887,1216938,8,2,3.9,4.3,20.1,18.9,39.0,45.0,13.2,86.8,2.23,0,0,0.00,0.00,0.0,0.0,0.00,0.00,0.00,0.0,0,0.0,321220,156,1.0000,2000.0,2571446,2571444,4857,29232,492553,1178613,1178597,1217202,1217202,531140,1217676,594
1787261682,44517240,94150656,33554432,689777,36866,7066,6533,1184466,692364,692364,5203070,1223397,7,1,3.2,3.5,13.2,15.2,28.4,20.5,13.3,86.7,2.13,0,0,0.00,0.00,0.0,0.0,0.00,0.00,0.00,0.0,0,0.0,323723,156,1.0000,2000.0,2589295,2589291,4857,14616,492102,1184272,1184256,1223659,1223659,531488,1224134,594
1787261683,46650104,94089216,33554432,695663,37182,4764,6204,1189851,698169,698169,5208956,1229587,244,70,3.1,4.2,19.1,8.6,27.7,52.0,13.4,86.6,2.04,0,0,0.00,0.00,0.0,0.0,0.00,0.00,0.00,0.0,0,0.0,326183,90,1.0000,2000.0,2606835,2606591,4857,0,491682,1189657,1189641,1229849,1229849,531804,1230324,594
1787261684,39068800,93745152,33554432,701455,37504,4202,6116,1197116,703892,703892,5214748,1235593,12,28,3.2,3.7,16.5,10.3,26.8,45.0,13.5,86.5,2.19,0,0,0.00,0.00,0.0,0.0,0.00,0.00,0.00,0.0,0,0.0,328738,59,0.8262,36407.4,2623997,2623989,4857,19488,493224,1196922,1196906,1235855,1235855,532126,1236330,594
1787261685,42549200,93745152,33554432,709977,37954,6070,8974,1204848,712337,712337,5223270,1244459,6,0,3.7,3.5,19.1,16.5,35.6,40.0,13.6,86.4,2.22,0,0,0.00,0.00,0.0,0.0,0.00,0.00,0.00,0.0,0,0.0,331245,156,1.0000,2000.0,2646403,2646402,4857,24360,492511,1204654,1204638,1244719,1244719,532576,1245195,594
1787261687,44578480,93745152,33554432,715196,38264,5817,5531,1209586,717491,717491,5228489,1249924,7,1,2.9,5.0,12.8,13.8,26.6,19.0,13.7,86.3,2.14,0,0,0.00,0.00,0.0,0.0,0.00,0.00,0.00,0.0,0,0.0,333815,156,1.0000,2000.0,2663561,2663557,4857,14616,492095,1209392,1209376,1250184,1250184,532886,1250660,594
1787261688,47104696,93745152,33554432,720353,38551,3827,5446,1214154,722572,722572,5233646,1255340,160,47,2.8,3.3,16.8,9.7,26.5,45.0,13.8,86.2,2.00,0,0,0.00,0.00,0.0,0.0,0.00,0.00,0.00,0.0,0,0.0,336344,112,1.0000,2000.0,2680650,2680490,4857,0,491582,1213960,1213944,1255598,1255598,533173,1256075,594
1787261689,39255072,93745152,33554432,725327,38826,3691,5251,1220665,727478,727478,5238620,1260547,38,70,2.8,3.4,14.3,11.4,25.7,42.0,13.9,86.1,2.27,0,0,0.00,0.00,0.0,0.0,0.00,0.00,0.00,0.0,0,0.0,338907,77,0.8527,31167.4,2697219,2697185,4767,19488,493187,1220471,1220455,1260802,1260802,533448,1261281,595
1787261690,42554680,93745152,33554432,732133,39205,4902,7187,1226729,734221,734221,5245426,1267599,2,0,3.1,2.9,20.0,12.4,32.4,36.0,14.0,86.0,2.25,0,0,0.00,0.00,0.0,0.0,0.00,0.00,0.00,0.0,0,0.0,341447,156,1.0000,2000.0,2717774,2717774,4857,9744,492508,1226535,1226519,1267854,1267854,533827,1268333,595
1787261692,45176496,93745152,33554432,736456,39437,4602,4557,1230441,738473,738473,5249749,1272086,7,1,2.6,3.7,13.2,11.7,24.9,16.5,14.1,85.9,2.10,0,0,0.00,0.00,0.0,0.0,0.00,0.00,0.00,0.0,0,0.0,344086,157,1.0000,2000.0,2733577,2733575,4857,24360,491968,1230247,1230231,1272339,1272339,534059,1272819,595
1787261693,47774040,140881920,33554432,740520,39652,3098,4281,1233919,742474,742474,5253813,1276340,147,39,2.9,3.5,14.5,9.3,23.8,39.0,14.1,85.9,2.95,0,0,0.00,0.00,0.0,0.0,0.00,0.00,0.00,0.0,0,0.0,346695,121,1.0000,2000.0,2748934,2748787,4857,0,491445,1233725,1233709,1276593,1276593,534274,1277073,595
1787261694,39276568,93564928,33554432,744329,39872,2948,4031,1239398,746220,746220,5257622,1280321,16,53,3.2,3.2,10.0,12.5,22.5,33.0,14.2,85.8,2.35,0,0,0.00,0.00,0.0,0.0,0.00,0.00,0.00,0.0,0,0.0,349340,100,0.8554,30624.3,2763559,2763547,4857,19488,493178,1239204,1239188,1280575,1280575,534494,1281055,596
1787261695,42916640,93564928,33554432,749197,40143,3662,5141,1243455,751023,751023,5262490,1285342,5,0,3.1,3.5,20.6,6.4,27.0,31.0,14.3,85.7,2.21,0,0,0.00,0.00,0.0,0.0,0.00,0.00,0.00,0.0,0,0.0,352147,157,1.0000,2000.0,2780394,2780394,4857,24360,492432,1243261,1243245,1285594,1285594,534765,1286075,596
1787261697,45435344,93683712,33554432,752771,40360,3597,3793,1246454,754535,754535,5266064,1289071,6,0,2.7,2.6,13.6,8.8,22.4,14.5,14.3,85.7,2.07,0,0,0.00,0.00,0.0,0.0,0.00,0.00,0.00,0.0,0,0.0,354862,156,1.0000,2000.0,2794830,2794827,4857,14616,491919,1246260,1246244,1289323,1289323,534982,1289804,596
1787261698,47946536,93790208,33554432,756272,40551,2745,3694,1249399,757985,757985,5269565,1292745,60,33,2.0,3.1,10.6,11.3,21.9,35.0,14.4,85.6,1.98,0,0,0.00,0.00,0.0,0.0,0.00,0.00,0.00,0.0,0,0.0,357516,122,1.0000,2000.0,2809118,2809063,4857,24360,491414,1249205,1249189,1292997,1292997,535173,1293478,596
