timestamp,db0_keys,used_memory,used_memory_rss,maxmemory,keyspace_hits,keyspace_misses,ops_per_sec,total_commands_delta,total_num_items_spilled_to_ext_storage,total_num_items_fetched_from_ext_storage,completion_read_ok,dram_value_hits,kbc_fetching_block,num_items_spilling_to_ext_storage,blocked_clients,cpu_user,cpu_sys,valkey_cpu_user,valkey_cpu_sys,valkey_cpu_total,asio_cpu_pct,disk_hit_pct,mem_hit_pct,mem_frag_ratio,disk_read_iops,disk_write_iops,disk_read_mb,disk_write_mb,disk_read_merges_ps,disk_write_merges_ps,disk_r_await_ms,disk_w_await_ms,disk_aqu_sz,disk_util_pct,disk_in_flight,disk_req_sz_kb,throttle_total_throttled,throttle_queued_clients,throttle_current_rate,throttle_allowed_tps,spill_submitted_count,spill_serialized_count,mean_spill_ram,inflight_spill_ram_bytes
1785446979,4000000,3146314984,3199164416,0,107733,0,92758,151288,0,0,0,0,0,0,0,3.9,7.7,24.0,58.9,82.9,0.0,0.0,0.0,1.02,0,0,0.00,0.00,0.0,0.0,0.00,0.00,0.00,0.0,0,0.0,0,0,0,0,0,0,0,0
1785446980,4000000,3143335144,3199295488,0,255029,0,182661,205970,0,0,0,0,0,0,0,3.7,9.3,31.9,81.0,112.9,0.0,0.0,0.0,1.02,0,0,0.00,0.00,0.0,0.0,0.00,0.00,0.00,0.0,0,0.0,0,0,0,0,0,0,0,0
1785446981,4000000,3143335144,3199295488,0,403396,0,180610,202496,0,0,0,0,0,0,0,3.0,9.8,28.9,84.0,112.9,0.0,0.0,0.0,1.02,0,0,0.00,0.00,0.0,0.0,0.00,0.00,0.00,0.0,0,0.0,0,0,0,0,0,0,0,0
1785446983,4000000,3143335144,3199295488,0,554333,0,175247,198109,0,0,0,0,0,0,0,3.3,9.2,31.8,81.7,113.5,0.0,0.0,0.0,1.02,0,0,0.00,0.00,0.0,0.0,0.00,0.00,0.00,0.0,0,0.0,0,0,0,0,0,0,0,0
1785446984,4000000,3143335144,3199295488,0,703646,0,172576,195714,0,0,0,0,0,0,0,3.3,9.8,27.2,86.7,113.9,0.0,0.0,0.0,1.02,0,0,0.00,0.00,0.0,0.0,0.00,0.00,0.00,0.0,0,0.0,0,0,0,0,0,0,0,0
1785446985,4000000,3143335144,3199295488,0,852134,0,171236,194852,0,0,0,0,0,0,0,3.3,9.2,36.0,78.0,114.0,0.0,0.0,0.0,1.02,0,0,0.00,0.00,0.0,0.0,0.00,0.00,0.00,0.0,0,0.0,0,0,0,0,0,0,0,0
1785446986,4000000,3143335144,3199295488,0,1000321,0,170652,194661,0,0,0,0,0,0,0,3.7,9.2,38.0,76.0,114.0,0.0,0.0,0.0,1.02,0,0,0.00,0.00,0.0,0.0,0.00,0.00,0.00,0.0,0,0.0,0,0,0,0,0,0,0,0
1785446987,4000000,3143335144,3199295488,0,1149595,0,171805,195515,0,0,0,0,0,0,0,3.7,9.6,33.9,79.8,113.7,0.0,0.0,0.0,1.02,0,0,0.00,0.00,0.0,0.0,0.00,0.00,0.00,0.0,0,0.0,0,0,0,0,0,0,0,0
1785446988,4000000,3143335144,3199295488,0,1298670,0,171877,196645,0,0,0,0,0,0,0,3.3,9.8,27.0,87.1,114.1,0.0,0.0,0.0,1.02,0,0,0.00,0.00,0.0,0.0,0.00,0.00,0.00,0.0,0,0.0,0,0,0,0,0,0,0,0
1785446989,4000000,3143335144,3199295488,0,1448106,0,176481,202415,0,0,0,0,0,0,0,3.7,9.0,35.0,79.0,114.0,0.0,0.0,0.0,1.02,0,0,0.00,0.00,0.0,0.0,0.00,0.00,0.00,0.0,0,0.0,0,0,0,0,0,0,0,0
1785446991,4000000,3143335144,3198435328,0,1597488,0,177770,202388,0,0,0,0,0,0,0,3.5,9.4,29.9,83.9,113.8,0.0,0.0,0.0,1.02,0,0,0.00,0.00,0.0,0.0,0.00,0.00,0.00,0.0,0,0.0,0,0,0,0,0,0,0,0
1785446992,4000000,3143335144,3198435328,0,1746650,0,178133,202570,0,0,0,0,0,0,0,3.2,9.9,29.9,83.9,113.8,0.0,0.0,0.0,1.02,0,0,0.00,0.00,0.0,0.0,0.00,0.00,0.00,0.0,0,0.0,0,0,0,0,0,0,0,0
1785446993,4000000,3143335144,3198435328,0,1896675,0,178052,203013,0,0,0,0,0,0,0,3.9,9.1,33.0,81.1,114.1,0.0,0.0,0.0,1.02,0,0,0.00,0.00,0.0,0.0,0.00,0.00,0.00,0.0,0,0.0,0,0,0,0,0,0,0,0
1785446994,4000000,3143335144,3198435328,0,2047361,0,178444,203274,0,0,0,0,0,0,0,3.9,9.6,36.0,78.0,114.0,0.0,0.0,0.0,1.02,0,0,0.00,0.00,0.0,0.0,0.00,0.00,0.00,0.0,0,0.0,0,0,0,0,0,0,0,0
1785446995,4000000,3143335144,3198435328,0,2199770,0,178599,203791,0,0,0,0,0,0,0,3.6,9.0,24.0,90.3,114.3,0.0,0.0,0.0,1.02,0,0,0.00,0.00,0.0,0.0,0.00,0.00,0.00,0.0,0,0.0,0,0,0,0,0,0,0,0
1785446996,4000000,3143335144,3198435328,0,2352425,0,179182,204151,0,0,0,0,0,0,0,4.0,8.9,40.7,73.3,114.0,0.0,0.0,0.0,1.02,0,0,0.00,0.00,0.0,0.0,0.00,0.00,0.00,0.0,0,0.0,0,0,0,0,0,0,0,0
1785446997,4000000,3143335144,3198435328,0,2505114,0,178683,203547,0,0,0,0,0,0,0,3.6,9.0,32.0,82.1,114.1,0.0,0.0,0.0,1.02,0,0,0.00,0.00,0.0,0.0,0.00,0.00,0.00,0.0,0,0.0,0,0,0,0,0,0,0,0
1785446999,4000000,3143335144,3198435328,0,2658023,0,179011,203885,0,0,0,0,0,0,0,3.5,9.4,32.0,82.0,114.0,0.0,0.0,0.0,1.02,0,0,0.00,0.00,0.0,0.0,0.00,0.00,0.00,0.0,0,0.0,0,0,0,0,0,0,0,0
1785447000,4000000,3143335144,3198435328,0,2810455,0,178432,202861,0,0,0,0,0,0,0,3.8,9.0,35.0,79.0,114.0,0.0,0.0,0.0,1.02,0,0,0.00,0.00,0.0,0.0,0.00,0.00,0.00,0.0,0,0.0,0,0,0,0,0,0,0,0
1785447001,4000000,3143335144,3198435328,0,2961796,0,176588,200520,0,0,0,0,0,0,0,3.6,9.4,33.0,81.0,114.0,0.0,0.0,0.0,1.02,0,0,0.00,0.00,0.0,0.0,0.00,0.00,0.00,0.0,0,0.0,0,0,0,0,0,0,0,0
1785447002,4000000,3143335144,3198435328,0,3114419,0,176787,202081,0,0,0,0,0,0,0,3.1,10.3,28.0,86.0,114.0,0.0,0.0,0.0,1.02,0,0,0.00,0.00,0.0,0.0,0.00,0.00,0.00,0.0,0,0.0,0,0,0,0,0,0,0,0
1785447003,4000000,3143335144,3198435328,0,3266845,0,177352,201980,0,0,0,0,0,0,0,3.8,9.2,35.0,79.0,114.0,0.0,0.0,0.0,1.02,0,0,0.00,0.00,0.0,0.0,0.00,0.00,0.00,0.0,0,0.0,0,0,0,0,0,0,0,0
1785447004,4000000,3143335144,3198435328,0,3419035,0,176690,201346,0,0,0,0,0,0,0,2.8,10.3,23.0,91.1,114.1,0.0,0.0,0.0,1.02,0,0,0.00,0.00,0.0,0.0,0.00,0.00,0.00,0.0,0,0.0,0,0,0,0,0,0,0,0
1785447005,4000000,3143335144,3198435328,0,3571177,0,176995,201726,0,0,0,0,0,0,0,3.1,8.8,21.0,93.1,114.1,0.0,0.0,0.0,1.02,0,0,0.00,0.00,0.0,0.0,0.00,0.00,0.00,0.0,0,0.0,0,0,0,0,0,0,0,0
1785447007,4000000,3143335144,3198435328,0,3714725,0,174758,198098,0,0,0,0,0,0,0,4.7,8.7,32.0,82.0,114.0,0.0,0.0,0.0,1.02,0,0,0.00,0.00,0.0,0.0,0.00,0.00,0.00,0.0,0,0.0,0,0,0,0,0,0,0,0
1785447008,4000000,3143335144,3198435328,0,3859282,0,174123,198301,0,0,0,0,0,0,0,3.7,9.1,39.0,75.0,114.0,0.0,0.0,0.0,1.02,0,0,0.00,0.00,0.0,0.0,0.00,0.00,0.00,0.0,0,0.0,0,0,0,0,0,0,0,0
1785447009,4000000,3143335144,3198435328,0,4003465,0,172911,196933,0,0,0,0,0,0,0,3.2,10.0,31.0,83.1,114.1,0.0,0.0,0.0,1.02,0,0,0.00,0.00,0.0,0.0,0.00,0.00,0.00,0.0,0,0.0,0,0,0,0,0,0,0,0
1785447010,4000000,3143335144,3198435328,0,4146828,0,171661,196114,0,0,0,0,0,0,0,3.6,10.6,36.1,78.3,114.4,0.0,0.0,0.0,1.02,0,0,0.00,0.00,0.0,0.0,0.00,0.00,0.00,0.0,0,0.0,0,0,0,0,0,0,0,0
1785447011,4000000,3143335144,3198435328,0,4290311,0,170864,196199,0,0,0,0,0,0,0,3.2,10.4,33.0,81.9,114.9,0.0,0.0,0.0,1.02,0,0,0.00,0.00,0.0,0.0,0.00,0.00,0.00,0.0,0,0.0,0,0,0,0,0,0,0,0
1785447012,4000000,3143335144,3198435328,0,4433792,0,171372,196404,0,0,0,0,0,0,0,4.3,9.5,41.9,72.7,114.6,0.0,0.0,0.0,1.02,0,0,0.00,0.00,0.0,0.0,0.00,0.00,0.00,0.0,0,0.0,0,0,0,0,0,0,0,0
1785447013,4000000,3143335144,3198435328,0,4575653,0,170878,195807,0,0,0,0,0,0,0,3.9,8.5,30.9,83.8,114.7,0.0,0.0,0.0,1.02,0,0,0.00,0.00,0.0,0.0,0.00,0.00,0.00,0.0,0,0.0,0,0,0,0,0,0,0,0
1785447015,4000000,3143335144,3198435328,0,4716575,0,169854,194399,0,0,0,0,0,0,0,4.4,9.6,38.0,77.0,115.0,0.0,0.0,0.0,1.02,0,0,0.00,0.00,0.0,0.0,0.00,0.00,0.00,0.0,0,0.0,0,0,0,0,0,0,0,0
1785447016,4000000,3143335144,3198435328,0,4857004,0,169403,194580,0,0,0,0,0,0,0,4.9,9.6,47.0,67.9,114.9,0.0,0.0,0.0,1.02,0,0,0.00,0.00,0.0,0.0,0.00,0.00,0.00,0.0,0,0.0,0,0,0,0,0,0,0,0
1785447017,4000000,3143335144,3198435328,0,5000957,0,172501,197567,0,0,0,0,0,0,0,3.9,9.2,39.1,75.1,114.2,0.0,0.0,0.0,1.02,0,0,0.00,0.00,0.0,0.0,0.00,0.00,0.00,0.0,0,0.0,0,0,0,0,0,0,0,0
1785447018,4000000,3143335144,3198435328,0,5144438,0,172580,196643,0,0,0,0,0,0,0,3.5,10.3,34.1,80.2,114.3,0.0,0.0,0.0,1.02,0,0,0.00,0.00,0.0,0.0,0.00,0.00,0.00,0.0,0,0.0,0,0,0,0,0,0,0,0
1785447019,4000000,3143335144,3198435328,0,5289699,0,172755,199367,0,0,0,0,0,0,0,3.7,9.4,31.0,83.9,114.9,0.0,0.0,0.0,1.02,0,0,0.00,0.00,0.0,0.0,0.00,0.00,0.00,0.0,0,0.0,0,0,0,0,0,0,0,0
1785447020,4000000,3143335144,3198435328,0,5434044,0,174334,198473,0,0,0,0,0,0,0,4.2,9.5,37.0,76.9,113.9,0.0,0.0,0.0,1.02,0,0,0.00,0.00,0.0,0.0,0.00,0.00,0.00,0.0,0,0.0,0,0,0,0,0,0,0,0
1785447021,4000000,3143335144,3198287872,0,5579343,0,173948,198882,0,0,0,0,0,0,0,3.9,9.7,36.1,78.2,114.3,0.0,0.0,0.0,1.02,0,0,0.00,0.00,0.0,0.0,0.00,0.00,0.00,0.0,0,0.0,0,0,0,0,0,0,0,0
1785447023,4000000,3143335144,3198418944,0,5724747,0,174611,199193,0,0,0,0,0,0,0,3.4,10.4,37.0,77.1,114.1,0.0,0.0,0.0,1.02,0,0,0.00,0.00,0.0,0.0,0.00,0.00,0.00,0.0,0,0.0,0,0,0,0,0,0,0,0
1785447024,4000000,3143335144,3198418944,0,5869716,0,174880,199086,0,0,0,0,0,0,0,3.2,10.5,23.9,90.0,113.9,0.0,0.0,0.0,1.02,0,0,0.00,0.00,0.0,0.0,0.00,0.00,0.00,0.0,0,0.0,0,0,0,0,0,0,0,0
1785447025,4000000,3143335144,3198418944,0,6015052,0,174535,198918,0,0,0,0,0,0,0,3.9,9.0,34.0,80.1,114.1,0.0,0.0,0.0,1.02,0,0,0.00,0.00,0.0,0.0,0.00,0.00,0.00,0.0,0,0.0,0,0,0,0,0,0,0,0
1785447026,4000000,3143335144,3198418944,0,6160618,0,174585,199503,0,0,0,0,0,0,0,4.1,9.2,35.8,78.4,114.2,0.0,0.0,0.0,1.02,0,0,0.00,0.00,0.0,0.0,0.00,0.00,0.00,0.0,0,0.0,0,0,0,0,0,0,0,0
1785447027,4000000,3143335144,3198418944,0,6304372,0,173236,196883,0,0,0,0,0,0,0,3.7,9.0,27.0,87.1,114.1,0.0,0.0,0.0,1.02,0,0,0.00,0.00,0.0,0.0,0.00,0.00,0.00,0.0,0,0.0,0,0,0,0,0,0,0,0
1785447028,4000000,3143335144,3198418944,0,6447839,0,171787,196533,0,0,0,0,0,0,0,3.5,9.7,32.1,82.4,114.5,0.0,0.0,0.0,1.02,0,0,0.00,0.00,0.0,0.0,0.00,0.00,0.00,0.0,0,0.0,0,0,0,0,0,0,0,0
1785447029,4000000,3143335144,3198418944,0,6592765,0,172833,198861,0,0,0,0,0,0,0,3.4,9.4,26.9,87.8,114.7,0.0,0.0,0.0,1.02,0,0,0.00,0.00,0.0,0.0,0.00,0.00,0.00,0.0,0,0.0,0,0,0,0,0,0,0,0
1785447031,4000000,3143335144,3198418944,0,6737882,0,174462,198978,0,0,0,0,0,0,0,3.4,10.3,32.0,82.0,114.0,0.0,0.0,0.0,1.02,0,0,0.00,0.00,0.0,0.0,0.00,0.00,0.00,0.0,0,0.0,0,0,0,0,0,0,0,0
1785447032,4000000,3143335144,3198418944,0,6885549,0,175174,199973,0,0,0,0,0,0,0,3.5,10.0,32.0,82.1,114.1,0.0,0.0,0.0,1.02,0,0,0.00,0.00,0.0,0.0,0.00,0.00,0.00,0.0,0,0.0,0,0,0,0,0,0,0,0
1785447033,4000000,3143335144,3198418944,0,7032973,0,174586,198801,0,0,0,0,0,0,0,3.7,10.1,28.0,86.1,114.1,0.0,0.0,0.0,1.02,0,0,0.00,0.00,0.0,0.0,0.00,0.00,0.00,0.0,0,0.0,0,0,0,0,0,0,0,0
1785447034,4000000,3143335144,3198418944,0,7180591,0,174389,199303,0,0,0,0,0,0,0,4.0,9.6,40.1,74.2,114.3,0.0,0.0,0.0,1.02,0,0,0.00,0.00,0.0,0.0,0.00,0.00,0.00,0.0,0,0.0,0,0,0,0,0,0,0,0
1785447035,4000000,3143335144,3198418944,0,7328413,0,174363,198799,0,0,0,0,0,0,0,3.3,9.0,30.7,83.4,114.1,0.0,0.0,0.0,1.02,0,0,0.00,0.00,0.0,0.0,0.00,0.00,0.00,0.0,0,0.0,0,0,0,0,0,0,0,0
1785447036,4000000,3143335144,3198418944,0,7476415,0,174470,199872,0,0,0,0,0,0,0,4.1,8.9,33.1,81.3,114.4,0.0,0.0,0.0,1.02,0,0,0.00,0.00,0.0,0.0,0.00,0.00,0.00,0.0,0,0.0,0,0,0,0,0,0,0,0
1785447037,4000000,3143335144,3198418944,0,7624020,0,175247,199614,0,0,0,0,0,0,0,3.6,9.8,23.9,90.0,113.9,0.0,0.0,0.0,1.02,0,0,0.00,0.00,0.0,0.0,0.00,0.00,0.00,0.0,0,0.0,0,0,0,0,0,0,0,0
1785447039,4000000,3143335144,3198418944,0,7771406,0,174107,198843,0,0,0,0,0,0,0,3.5,9.3,31.1,83.4,114.5,0.0,0.0,0.0,1.02,0,0,0.00,0.00,0.0,0.0,0.00,0.00,0.00,0.0,0,0.0,0,0,0,0,0,0,0,0
1785447040,4000000,3143335144,3198418944,0,7918614,0,174116,198851,0,0,0,0,0,0,0,3.7,9.5,30.8,83.5,114.3,0.0,0.0,0.0,1.02,0,0,0.00,0.00,0.0,0.0,0.00,0.00,0.00,0.0,0,0.0,0,0,0,0,0,0,0,0
1785447041,4000000,3143335144,3198418944,0,8064199,0,174457,199175,0,0,0,0,0,0,0,2.9,10.0,26.0,88.1,114.1,0.0,0.0,0.0,1.02,0,0,0.00,0.00,0.0,0.0,0.00,0.00,0.00,0.0,0,0.0,0,0,0,0,0,0,0,0
1785447042,4000000,3143335144,3198418944,0,8208037,0,174261,198792,0,0,0,0,0,0,0,3.0,9.7,28.1,86.3,114.4,0.0,0.0,0.0,1.02,0,0,0.00,0.00,0.0,0.0,0.00,0.00,0.00,0.0,0,0.0,0,0,0,0,0,0,0,0
1785447043,4000000,3143335144,3198550016,0,8350681,0,172534,197707,0,0,0,0,0,0,0,3.2,9.8,25.9,88.9,114.8,0.0,0.0,0.0,1.02,0,0,0.00,0.00,0.0,0.0,0.00,0.00,0.00,0.0,0,0.0,0,0,0,0,0,0,0,0
1785447044,4000000,3143335144,3198550016,0,8493997,0,172029,197146,0,0,0,0,0,0,0,3.7,9.1,33.0,81.9,114.9,0.0,0.0,0.0,1.02,0,0,0.00,0.00,0.0,0.0,0.00,0.00,0.00,0.0,0,0.0,0,0,0,0,0,0,0,0
1785447045,4000000,3143335144,3198550016,0,8638693,0,170957,196583,0,0,0,0,0,0,0,4.0,9.4,42.0,72.9,114.9,0.0,0.0,0.0,1.02,0,0,0.00,0.00,0.0,0.0,0.00,0.00,0.00,0.0,0,0.0,0,0,0,0,0,0,0,0
1785447047,4000000,3143335144,3198550016,0,8782202,0,171837,197425,0,0,0,0,0,0,0,3.4,9.8,31.0,83.9,114.9,0.0,0.0,0.0,1.02,0,0,0.00,0.00,0.0,0.0,0.00,0.00,0.00,0.0,0,0.0,0,0,0,0,0,0,0,0
1785447048,4000000,3143335144,3198550016,0,8925373,0,172095,197570,0,0,0,0,0,0,0,4.2,9.6,40.0,74.9,114.9,0.0,0.0,0.0,1.02,0,0,0.00,0.00,0.0,0.0,0.00,0.00,0.00,0.0,0,0.0,0,0,0,0,0,0,0,0
1785447049,4000000,3143335144,3198550016,0,9068252,0,172009,197229,0,0,0,0,0,0,0,4.0,10.0,35.2,79.6,114.8,0.0,0.0,0.0,1.02,0,0,0.00,0.00,0.0,0.0,0.00,0.00,0.00,0.0,0,0.0,0,0,0,0,0,0,0,0
1785447050,4000000,3143335144,3198550016,0,9210943,0,172110,197554,0,0,0,0,0,0,0,3.6,10.0,35.0,79.9,114.9,0.0,0.0,0.0,1.02,0,0,0.00,0.00,0.0,0.0,0.00,0.00,0.00,0.0,0,0.0,0,0,0,0,0,0,0,0
1785447051,4000000,3143335144,3198550016,0,9353498,0,172154,197987,0,0,0,0,0,0,0,3.9,9.7,40.0,74.9,114.9,0.0,0.0,0.0,1.02,0,0,0.00,0.00,0.0,0.0,0.00,0.00,0.00,0.0,0,0.0,0,0,0,0,0,0,0,0
1785447052,4000000,3143335144,3198402560,0,9496702,0,173128,198647,0,0,0,0,0,0,0,3.7,9.8,35.9,78.7,114.6,0.0,0.0,0.0,1.02,0,0,0.00,0.00,0.0,0.0,0.00,0.00,0.00,0.0,0,0.0,0,0,0,0,0,0,0,0
1785447053,4000000,3143335144,3198402560,0,9640739,0,173953,199203,0,0,0,0,0,0,0,3.6,10.3,32.2,82.4,114.6,0.0,0.0,0.0,1.02,0,0,0.00,0.00,0.0,0.0,0.00,0.00,0.00,0.0,0,0.0,0,0,0,0,0,0,0,0
1785447055,4000000,3143335144,3198402560,0,9786146,0,173154,197917,0,0,0,0,0,0,0,4.4,8.8,37.9,76.7,114.6,0.0,0.0,0.0,1.02,0,0,0.00,0.00,0.0,0.0,0.00,0.00,0.00,0.0,0,0.0,0,0,0,0,0,0,0,0
1785447056,4000000,3143335144,3198402560,0,9933052,0,170995,195431,0,0,0,0,0,0,0,3.4,9.8,32.9,81.7,114.6,0.0,0.0,0.0,1.02,0,0,0.00,0.00,0.0,0.0,0.00,0.00,0.00,0.0,0,0.0,0,0,0,0,0,0,0,0
1785447057,4000000,3143335144,3198402560,0,10080791,0,169782,194299,0,0,0,0,0,0,0,3.8,9.0,36.2,78.5,114.7,0.0,0.0,0.0,1.02,0,0,0.00,0.00,0.0,0.0,0.00,0.00,0.00,0.0,0,0.0,0,0,0,0,0,0,0,0
1785447058,4000000,3143335144,3198402560,0,10229505,0,170260,195213,0,0,0,0,0,0,0,3.9,8.6,34.9,79.7,114.6,0.0,0.0,0.0,1.02,0,0,0.00,0.00,0.0,0.0,0.00,0.00,0.00,0.0,0,0.0,0,0,0,0,0,0,0,0
1785447059,4000000,3143335144,3198402560,0,10377219,0,170146,194380,0,0,0,0,0,0,0,3.9,9.4,31.9,82.7,114.6,0.0,0.0,0.0,1.02,0,0,0.00,0.00,0.0,0.0,0.00,0.00,0.00,0.0,0,0.0,0,0,0,0,0,0,0,0
1785447060,4000000,3143335144,3198402560,0,10525486,0,169768,194583,0,0,0,0,0,0,0,4.2,8.9,37.2,77.4,114.6,0.0,0.0,0.0,1.02,0,0,0.00,0.00,0.0,0.0,0.00,0.00,0.00,0.0,0,0.0,0,0,0,0,0,0,0,0
1785447062,4000000,3143335144,3198402560,0,10673515,0,169371,194306,0,0,0,0,0,0,0,3.9,8.8,30.9,83.8,114.7,0.0,0.0,0.0,1.02,0,0,0.00,0.00,0.0,0.0,0.00,0.00,0.00,0.0,0,0.0,0,0,0,0,0,0,0,0
1785447063,4000000,3143335144,3198402560,0,10821758,0,169982,194545,0,0,0,0,0,0,0,3.7,9.0,40.9,73.8,114.7,0.0,0.0,0.0,1.02,0,0,0.00,0.00,0.0,0.0,0.00,0.00,0.00,0.0,0,0.0,0,0,0,0,0,0,0,0
1785447064,4000000,3143335144,3198533632,0,10970739,0,170184,195774,0,0,0,0,0,0,0,3.8,8.5,30.9,83.9,114.8,0.0,0.0,0.0,1.02,0,0,0.00,0.00,0.0,0.0,0.00,0.00,0.00,0.0,0,0.0,0,0,0,0,0,0,0,0
1785447065,4000000,3143335144,3198533632,0,11118918,0,170215,194572,0,0,0,0,0,0,0,3.4,9.1,31.2,83.4,114.6,0.0,0.0,0.0,1.02,0,0,0.00,0.00,0.0,0.0,0.00,0.00,0.00,0.0,0,0.0,0,0,0,0,0,0,0,0
1785447066,4000000,3143335144,3198533632,0,11267205,0,169483,194634,0,0,0,0,0,0,0,4.1,8.4,37.9,76.7,114.6,0.0,0.0,0.0,1.02,0,0,0.00,0.00,0.0,0.0,0.00,0.00,0.00,0.0,0,0.0,0,0,0,0,0,0,0,0
1785447067,4000000,3143335144,3198533632,0,11415873,0,170367,195831,0,0,0,0,0,0,0,3.3,9.5,30.0,84.9,114.9,0.0,0.0,0.0,1.02,0,0,0.00,0.00,0.0,0.0,0.00,0.00,0.00,0.0,0,0.0,0,0,0,0,0,0,0,0
1785447068,4000000,3143335144,3198533632,0,11567383,0,174021,200581,0,0,0,0,0,0,0,3.3,9.7,36.0,79.0,115.0,0.0,0.0,0.0,1.02,0,0,0.00,0.00,0.0,0.0,0.00,0.00,0.00,0.0,0,0.0,0,0,0,0,0,0,0,0
1785447070,4000000,3143335144,3198533632,0,11720338,0,175943,202390,0,0,0,0,0,0,0,4.4,9.2,42.0,72.8,114.8,0.0,0.0,0.0,1.02,0,0,0.00,0.00,0.0,0.0,0.00,0.00,0.00,0.0,0,0.0,0,0,0,0,0,0,0,0
1785447071,4000000,3143335144,3198533632,0,11871731,0,175657,200833,0,0,0,0,0,0,0,3.5,9.9,35.2,79.5,114.7,0.0,0.0,0.0,1.02,0,0,0.00,0.00,0.0,0.0,0.00,0.00,0.00,0.0,0,0.0,0,0,0,0,0,0,0,0
1785447072,4000000,3143335144,3198533632,0,12023796,0,175847,201604,0,0,0,0,0,0,0,3.2,10.3,20.9,93.8,114.7,0.0,0.0,0.0,1.02,0,0,0.00,0.00,0.0,0.0,0.00,0.00,0.00,0.0,0,0.0,0,0,0,0,0,0,0,0
1785447073,4000000,3143335144,3198533632,0,12175315,0,175964,201139,0,0,0,0,0,0,0,3.3,9.4,27.1,87.3,114.4,0.0,0.0,0.0,1.02,0,0,0.00,0.00,0.0,0.0,0.00,0.00,0.00,0.0,0,0.0,0,0,0,0,0,0,0,0
1785447074,4000000,3143335144,3198533632,0,12327456,0,175701,202054,0,0,0,0,0,0,0,3.9,9.2,35.0,79.9,114.9,0.0,0.0,0.0,1.02,0,0,0.00,0.00,0.0,0.0,0.00,0.00,0.00,0.0,0,0.0,0,0,0,0,0,0,0,0
1785447075,4000000,3143335144,3198533632,0,12479074,0,176011,201581,0,0,0,0,0,0,0,3.6,10.0,38.9,75.7,114.6,0.0,0.0,0.0,1.02,0,0,0.00,0.00,0.0,0.0,0.00,0.00,0.00,0.0,0,0.0,0,0,0,0,0,0,0,0
1785447076,4000000,3143335144,3198533632,0,12630750,0,175664,201094,0,0,0,0,0,0,0,3.7,9.0,33.9,80.8,114.7,0.0,0.0,0.0,1.02,0,0,0.00,0.00,0.0,0.0,0.00,0.00,0.00,0.0,0,0.0,0,0,0,0,0,0,0,0
1785447078,4000000,3143335144,3198533632,0,12782627,0,175973,201813,0,0,0,0,0,0,0,3.8,9.5,40.2,74.4,114.6,0.0,0.0,0.0,1.02,0,0,0.00,0.00,0.0,0.0,0.00,0.00,0.00,0.0,0,0.0,0,0,0,0,0,0,0,0
1785447079,4000000,3143335144,3198533632,0,12934408,0,175861,201348,0,0,0,0,0,0,0,4.2,9.4,37.9,76.7,114.6,0.0,0.0,0.0,1.02,0,0,0.00,0.00,0.0,0.0,0.00,0.00,0.00,0.0,0,0.0,0,0,0,0,0,0,0,0
1785447080,4000000,3143335144,3198533632,0,13085951,0,175657,201053,0,0,0,0,0,0,0,3.4,8.8,28.2,86.4,114.6,0.0,0.0,0.0,1.02,0,0,0.00,0.00,0.0,0.0,0.00,0.00,0.00,0.0,0,0.0,0,0,0,0,0,0,0,0
1785447081,4000000,3143335144,3198533632,0,13237522,0,175485,201033,0,0,0,0,0,0,0,3.5,9.4,29.9,84.7,114.6,0.0,0.0,0.0,1.02,0,0,0.00,0.00,0.0,0.0,0.00,0.00,0.00,0.0,0,0.0,0,0,0,0,0,0,0,0
1785447082,4000000,3143335144,3198533632,0,13389229,0,175771,201449,0,0,0,0,0,0,0,3.9,9.8,37.9,76.7,114.6,0.0,0.0,0.0,1.02,0,0,0.00,0.00,0.0,0.0,0.00,0.00,0.00,0.0,0,0.0,0,0,0,0,0,0,0,0
1785447083,4000000,3143335144,3198386176,0,13540701,0,175360,200791,0,0,0,0,0,0,0,3.2,10.2,27.2,87.5,114.7,0.0,0.0,0.0,1.02,0,0,0.00,0.00,0.0,0.0,0.00,0.00,0.00,0.0,0,0.0,0,0,0,0,0,0,0,0
1785447084,4000000,3143335144,3198517248,0,13692825,0,175816,201763,0,0,0,0,0,0,0,3.5,9.6,37.9,76.8,114.7,0.0,0.0,0.0,1.02,0,0,0.00,0.00,0.0,0.0,0.00,0.00,0.00,0.0,0,0.0,0,0,0,0,0,0,0,0
1785447086,4000000,3143335144,3198517248,0,13844794,0,176221,201470,0,0,0,0,0,0,0,3.4,10.1,40.9,73.7,114.6,0.0,0.0,0.0,1.02,0,0,0.00,0.00,0.0,0.0,0.00,0.00,0.00,0.0,0,0.0,0,0,0,0,0,0,0,0
1785447087,4000000,3143335144,3198517248,0,13997378,0,177009,202351,0,0,0,0,0,0,0,3.4,9.8,31.1,83.2,114.3,0.0,0.0,0.0,1.02,0,0,0.00,0.00,0.0,0.0,0.00,0.00,0.00,0.0,0,0.0,0,0,0,0,0,0,0,0
1785447088,4000000,3143335144,3198517248,0,14150357,0,177323,202638,0,0,0,0,0,0,0,3.7,9.5,38.1,76.3,114.4,0.0,0.0,0.0,1.02,0,0,0.00,0.00,0.0,0.0,0.00,0.00,0.00,0.0,0,0.0,0,0,0,0,0,0,0,0
1785447089,4000000,3143335144,3198517248,0,14303397,0,177283,202760,0,0,0,0,0,0,0,3.5,9.3,32.8,81.6,114.4,0.0,0.0,0.0,1.02,0,0,0.00,0.00,0.0,0.0,0.00,0.00,0.00,0.0,0,0.0,0,0,0,0,0,0,0,0
1785447090,4000000,3143335144,3198517248,0,14456077,0,177195,202237,0,0,0,0,0,0,0,3.8,9.4,25.1,89.2,114.3,0.0,0.0,0.0,1.02,0,0,0.00,0.00,0.0,0.0,0.00,0.00,0.00,0.0,0,0.0,0,0,0,0,0,0,0,0
1785447091,4000000,3143335144,3198517248,0,14608963,0,177210,202747,0,0,0,0,0,0,0,3.6,9.2,30.8,83.6,114.4,0.0,0.0,0.0,1.02,0,0,0.00,0.00,0.0,0.0,0.00,0.00,0.00,0.0,0,0.0,0,0,0,0,0,0,0,0
1785447092,4000000,3143335144,3198517248,0,14761880,0,177435,202427,0,0,0,0,0,0,0,3.8,9.3,34.1,80.2,114.3,0.0,0.0,0.0,1.02,0,0,0.00,0.00,0.0,0.0,0.00,0.00,0.00,0.0,0,0.0,0,0,0,0,0,0,0,0
1785447094,4000000,3143335144,3198517248,0,14914802,0,176909,202097,0,0,0,0,0,0,0,2.8,10.0,32.1,82.4,114.5,0.0,0.0,0.0,1.02,0,0,0.00,0.00,0.0,0.0,0.00,0.00,0.00,0.0,0,0.0,0,0,0,0,0,0,0,0
1785447095,4000000,3143335144,3198517248,0,15068012,0,176805,202671,0,0,0,0,0,0,0,3.8,10.0,33.9,80.7,114.6,0.0,0.0,0.0,1.02,0,0,0.00,0.00,0.0,0.0,0.00,0.00,0.00,0.0,0,0.0,0,0,0,0,0,0,0,0
1785447096,4000000,3143335144,3198517248,0,15217938,0,176140,200843,0,0,0,0,0,0,0,4.0,9.4,33.1,81.3,114.4,0.0,0.0,0.0,1.02,0,0,0.00,0.00,0.0,0.0,0.00,0.00,0.00,0.0,0,0.0,0,0,0,0,0,0,0,0
1785447097,4000000,3143335144,3198517248,0,15357637,0,171885,195844,0,0,0,0,0,0,0,3.4,10.0,36.9,77.8,114.7,0.0,0.0,0.0,1.02,0,0,0.00,0.00,0.0,0.0,0.00,0.00,0.00,0.0,0,0.0,0,0,0,0,0,0,0,0
1785447098,4000000,3143335144,3198517248,0,15497643,0,170885,195987,0,0,0,0,0,0,0,3.2,10.0,29.9,84.7,114.6,0.0,0.0,0.0,1.02,0,0,0.00,0.00,0.0,0.0,0.00,0.00,0.00,0.0,0,0.0,0,0,0,0,0,0,0,0
1785447099,4000000,3143335144,3198517248,0,15637532,0,171717,196701,0,0,0,0,0,0,0,3.6,9.0,38.2,76.4,114.6,0.0,0.0,0.0,1.02,0,0,0.00,0.00,0.0,0.0,0.00,0.00,0.00,0.0,0,0.0,0,0,0,0,0,0,0,0
1785447100,4000000,3143335144,3198517248,0,15776486,0,170824,195337,0,0,0,0,0,0,0,3.8,9.1,31.9,82.8,114.7,0.0,0.0,0.0,1.02,0,0,0.00,0.00,0.0,0.0,0.00,0.00,0.00,0.0,0,0.0,0,0,0,0,0,0,0,0
1785447102,4000000,3143335144,3198517248,0,15916375,0,171531,196583,0,0,0,0,0,0,0,3.8,8.9,32.9,81.7,114.6,0.0,0.0,0.0,1.02,0,0,0.00,0.00,0.0,0.0,0.00,0.00,0.00,0.0,0,0.0,0,0,0,0,0,0,0,0
1785447103,4000000,3143335144,3198517248,0,16056452,0,171861,196814,0,0,0,0,0,0,0,3.6,9.3,27.1,87.3,114.4,0.0,0.0,0.0,1.02,0,0,0.00,0.00,0.0,0.0,0.00,0.00,0.00,0.0,0,0.0,0,0,0,0,0,0,0,0
1785447104,4000000,3143335144,3198517248,0,16200024,0,172943,198089,0,0,0,0,0,0,0,3.6,9.2,30.8,83.6,114.4,0.0,0.0,0.0,1.02,0,0,0.00,0.00,0.0,0.0,0.00,0.00,0.00,0.0,0,0.0,0,0,0,0,0,0,0,0
1785447105,4000000,3143335144,3198648320,0,16348266,0,174084,199715,0,0,0,0,0,0,0,3.9,9.1,30.2,84.5,114.7,0.0,0.0,0.0,1.02,0,0,0.00,0.00,0.0,0.0,0.00,0.00,0.00,0.0,0,0.0,0,0,0,0,0,0,0,0
1785447106,4000000,3143335144,3198648320,0,16497907,0,174485,200244,0,0,0,0,0,0,0,3.9,9.8,37.0,77.9,114.9,0.0,0.0,0.0,1.02,0,0,0.00,0.00,0.0,0.0,0.00,0.00,0.00,0.0,0,0.0,0,0,0,0,0,0,0,0
1785447107,4000000,3143335144,3198648320,0,16647205,0,174494,199999,0,0,0,0,0,0,0,4.2,9.6,34.9,79.8,114.7,0.0,0.0,0.0,1.02,0,0,0.00,0.00,0.0,0.0,0.00,0.00,0.00,0.0,0,0.0,0,0,0,0,0,0,0,0
1785447109,4000000,3143335144,3198648320,0,16796746,0,174297,199911,0,0,0,0,0,0,0,3.5,10.2,29.9,84.8,114.7,0.0,0.0,0.0,1.02,0,0,0.00,0.00,0.0,0.0,0.00,0.00,0.00,0.0,0,0.0,0,0,0,0,0,0,0,0
1785447110,4000000,3143335144,3198648320,0,16945877,0,174616,200022,0,0,0,0,0,0,0,3.5,9.2,32.2,82.5,114.7,0.0,0.0,0.0,1.02,0,0,0.00,0.00,0.0,0.0,0.00,0.00,0.00,0.0,0,0.0,0,0,0,0,0,0,0,0
1785447111,4000000,3143335144,3198648320,0,17094448,0,175100,200903,0,0,0,0,0,0,0,3.8,9.3,39.9,74.8,114.7,0.0,0.0,0.0,1.02,0,0,0.00,0.00,0.0,0.0,0.00,0.00,0.00,0.0,0,0.0,0,0,0,0,0,0,0,0
1785447112,4000000,3143335144,3198648320,0,17243257,0,175976,201597,0,0,0,0,0,0,0,2.6,9.7,24.9,89.9,114.8,0.0,0.0,0.0,1.02,0,0,0.00,0.00,0.0,0.0,0.00,0.00,0.00,0.0,0,0.0,0,0,0,0,0,0,0,0
1785447113,4000000,3143335144,3198648320,0,17390613,0,175924,201450,0,0,0,0,0,0,0,3.0,10.1,21.1,93.4,114.5,0.0,0.0,0.0,1.02,0,0,0.00,0.00,0.0,0.0,0.00,0.00,0.00,0.0,0,0.0,0,0,0,0,0,0,0,0
1785447114,4000000,3143335144,3198500864,0,17539295,0,175830,201498,0,0,0,0,0,0,0,2.7,10.2,27.9,86.8,114.7,0.0,0.0,0.0,1.02,0,0,0.00,0.00,0.0,0.0,0.00,0.00,0.00,0.0,0,0.0,0,0,0,0,0,0,0,0
1785447115,4000000,3143335144,3198500864,0,17689114,0,176431,202578,0,0,0,0,0,0,0,3.4,10.1,30.9,83.8,114.7,0.0,0.0,0.0,1.02,0,0,0.00,0.00,0.0,0.0,0.00,0.00,0.00,0.0,0,0.0,0,0,0,0,0,0,0,0
1785447117,4000000,3143335144,3198500864,0,17838005,0,176769,202160,0,0,0,0,0,0,0,3.8,10.0,29.1,85.3,114.4,0.0,0.0,0.0,1.02,0,0,0.00,0.00,0.0,0.0,0.00,0.00,0.00,0.0,0,0.0,0,0,0,0,0,0,0,0
1785447118,4000000,3143335144,3198500864,0,17986230,0,176080,201038,0,0,0,0,0,0,0,3.9,9.6,26.8,87.7,114.5,0.0,0.0,0.0,1.02,0,0,0.00,0.00,0.0,0.0,0.00,0.00,0.00,0.0,0,0.0,0,0,0,0,0,0,0,0
1785447119,4000000,3143335144,3198500864,0,18128227,0,173937,198662,0,0,0,0,0,0,0,3.1,9.9,28.1,86.3,114.4,0.0,0.0,0.0,1.02,0,0,0.00,0.00,0.0,0.0,0.00,0.00,0.00,0.0,0,0.0,0,0,0,0,0,0,0,0
1785447120,4000000,3143335144,3198500864,0,18270364,0,173737,198959,0,0,0,0,0,0,0,4.0,9.1,35.8,78.6,114.4,0.0,0.0,0.0,1.02,0,0,0.00,0.00,0.0,0.0,0.00,0.00,0.00,0.0,0,0.0,0,0,0,0,0,0,0,0
1785447121,4000000,3143335144,3198500864,0,18412675,0,174199,199265,0,0,0,0,0,0,0,3.3,10.4,32.1,82.3,114.4,0.0,0.0,0.0,1.02,0,0,0.00,0.00,0.0,0.0,0.00,0.00,0.00,0.0,0,0.0,0,0,0,0,0,0,0,0
1785447122,4000000,3143335144,3198500864,0,18554942,0,174245,199772,0,0,0,0,0,0,0,3.1,9.1,26.9,87.8,114.7,0.0,0.0,0.0,1.02,0,0,0.00,0.00,0.0,0.0,0.00,0.00,0.00,0.0,0,0.0,0,0,0,0,0,0,0,0
1785447123,4000000,3143335144,3198500864,0,18697426,0,174456,199251,0,0,0,0,0,0,0,3.6,10.0,28.1,86.3,114.4,0.0,0.0,0.0,1.02,0,0,0.00,0.00,0.0,0.0,0.00,0.00,0.00,0.0,0,0.0,0,0,0,0,0,0,0,0
1785447125,4000000,3143335144,3198500864,0,18839659,0,174354,199506,0,0,0,0,0,0,0,4.4,9.2,35.8,78.6,114.4,0.0,0.0,0.0,1.02,0,0,0.00,0.00,0.0,0.0,0.00,0.00,0.00,0.0,0,0.0,0,0,0,0,0,0,0,0
1785447126,4000000,3143335144,3198500864,0,18981903,0,173812,198618,0,0,0,0,0,0,0,4.4,8.9,50.2,64.3,114.5,0.0,0.0,0.0,1.02,0,0,0.00,0.00,0.0,0.0,0.00,0.00,0.00,0.0,0,0.0,0,0,0,0,0,0,0,0
1785447127,4000000,3143335144,3198500864,0,19124916,0,174288,199598,0,0,0,0,0,0,0,4.1,9.1,33.8,80.5,114.3,0.0,0.0,0.0,1.02,0,0,0.00,0.00,0.0,0.0,0.00,0.00,0.00,0.0,0,0.0,0,0,0,0,0,0,0,0
1785447128,4000000,3143335144,3198500864,0,19268924,0,175753,201592,0,0,0,0,0,0,0,4.0,9.5,38.1,76.3,114.4,0.0,0.0,0.0,1.02,0,0,0.00,0.00,0.0,0.0,0.00,0.00,0.00,0.0,0,0.0,0,0,0,0,0,0,0,0
1785447129,4000000,3143335144,3198500864,0,19412294,0,176024,200734,0,0,0,0,0,0,0,4.1,9.3,40.1,74.1,114.2,0.0,0.0,0.0,1.02,0,0,0.00,0.00,0.0,0.0,0.00,0.00,0.00,0.0,0,0.0,0,0,0,0,0,0,0,0
1785447130,4000000,3143335144,3198500864,0,19557329,0,175289,199940,0,0,0,0,0,0,0,4.0,9.4,44.8,69.5,114.3,0.0,0.0,0.0,1.02,0,0,0.00,0.00,0.0,0.0,0.00,0.00,0.00,0.0,0,0.0,0,0,0,0,0,0,0,0
1785447131,4000000,3143335144,3198500864,0,19700895,0,172767,197036,0,0,0,0,0,0,0,3.0,9.9,29.1,85.2,114.3,0.0,0.0,0.0,1.02,0,0,0.00,0.00,0.0,0.0,0.00,0.00,0.00,0.0,0,0.0,0,0,0,0,0,0,0,0
1785447133,4000000,3143335144,3198500864,0,19842758,0,174281,199453,0,0,0,0,0,0,0,3.9,9.9,30.1,84.2,114.3,0.0,0.0,0.0,1.02,0,0,0.00,0.00,0.0,0.0,0.00,0.00,0.00,0.0,0,0.0,0,0,0,0,0,0,0,0
1785447134,4000000,3143335144,3198500864,0,19985676,0,174696,199518,0,0,0,0,0,0,0,3.3,10.0,24.8,89.5,114.3,0.0,0.0,0.0,1.02,0,0,0.00,0.00,0.0,0.0,0.00,0.00,0.00,0.0,0,0.0,0,0,0,0,0,0,0,0
1785447135,4000000,3143335144,3198500864,0,20128240,0,175279,200528,0,0,0,0,0,0,0,3.5,9.3,39.1,75.3,114.4,0.0,0.0,0.0,1.02,0,0,0.00,0.00,0.0,0.0,0.00,0.00,0.00,0.0,0,0.0,0,0,0,0,0,0,0,0
1785447136,4000000,3143335144,3198631936,0,20271172,0,175120,200479,0,0,0,0,0,0,0,4.2,9.1,42.9,71.7,114.6,0.0,0.0,0.0,1.02,0,0,0.00,0.00,0.0,0.0,0.00,0.00,0.00,0.0,0,0.0,0,0,0,0,0,0,0,0
1785447137,4000000,3143335144,3198631936,0,20414068,0,175486,200653,0,0,0,0,0,0,0,3.2,10.3,36.1,78.2,114.3,0.0,0.0,0.0,1.02,0,0,0.00,0.00,0.0,0.0,0.00,0.00,0.00,0.0,0,0.0,0,0,0,0,0,0,0,0
1785447138,4000000,3143335144,3198631936,0,20556553,0,174986,199600,0,0,0,0,0,0,0,3.9,9.4,33.1,81.2,114.3,0.0,0.0,0.0,1.02,0,0,0.00,0.00,0.0,0.0,0.00,0.00,0.00,0.0,0,0.0,0,0,0,0,0,0,0,0
1785447139,4000000,3143335144,3198631936,0,20699174,0,173764,198651,0,0,0,0,0,0,0,3.5,9.4,26.8,87.6,114.4,0.0,0.0,0.0,1.02,0,0,0.00,0.00,0.0,0.0,0.00,0.00,0.00,0.0,0,0.0,0,0,0,0,0,0,0,0
1785447141,4000000,3143335144,3198631936,0,20842200,0,173373,198135,0,0,0,0,0,0,0,3.8,9.5,29.1,85.2,114.3,0.0,0.0,0.0,1.02,0,0,0.00,0.00,0.0,0.0,0.00,0.00,0.00,0.0,0,0.0,0,0,0,0,0,0,0,0
1785447142,4000000,3143335144,3198631936,0,20986175,0,173581,198824,0,0,0,0,0,0,0,3.4,9.2,32.9,81.7,114.6,0.0,0.0,0.0,1.02,0,0,0.00,0.00,0.0,0.0,0.00,0.00,0.00,0.0,0,0.0,0,0,0,0,0,0,0,0
1785447143,4000000,3143335144,3198631936,0,21130211,0,173617,198300,0,0,0,0,0,0,0,4.7,8.8,40.1,74.3,114.4,0.0,0.0,0.0,1.02,0,0,0.00,0.00,0.0,0.0,0.00,0.00,0.00,0.0,0,0.0,0,0,0,0,0,0,0,0
1785447144,4000000,3143335144,3198631936,0,21275295,0,174098,198669,0,0,0,0,0,0,0,4.1,8.7,36.0,77.9,113.9,0.0,0.0,0.0,1.02,0,0,0.00,0.00,0.0,0.0,0.00,0.00,0.00,0.0,0,0.0,0,0,0,0,0,0,0,0
1785447145,4000000,3143335144,3198484480,0,21419396,0,174227,198098,0,0,0,0,0,0,0,4.5,8.6,38.0,75.9,113.9,0.0,0.0,0.0,1.02,0,0,0.00,0.00,0.0,0.0,0.00,0.00,0.00,0.0,0,0.0,0,0,0,0,0,0,0,0
1785447146,4000000,3143335144,3198484480,0,21568205,0,174763,201572,0,0,0,0,0,0,0,4.0,9.1,37.2,77.4,114.6,0.0,0.0,0.0,1.02,0,0,0.00,0.00,0.0,0.0,0.00,0.00,0.00,0.0,0,0.0,0,0,0,0,0,0,0,0
1785447147,4000000,3143335144,3198484480,0,21715956,0,175317,200041,0,0,0,0,0,0,0,3.9,9.3,34.9,79.7,114.6,0.0,0.0,0.0,1.02,0,0,0.00,0.00,0.0,0.0,0.00,0.00,0.00,0.0,0,0.0,0,0,0,0,0,0,0,0
1785447149,4000000,3143335144,3198484480,0,21864777,0,174876,200236,0,0,0,0,0,0,0,3.8,9.0,40.9,73.8,114.7,0.0,0.0,0.0,1.02,0,0,0.00,0.00,0.0,0.0,0.00,0.00,0.00,0.0,0,0.0,0,0,0,0,0,0,0,0
1785447150,4000000,3143335144,3198484480,0,22015952,0,174742,200889,0,0,0,0,0,0,0,2.9,10.2,23.1,91.4,114.5,0.0,0.0,0.0,1.02,0,0,0.00,0.00,0.0,0.0,0.00,0.00,0.00,0.0,0,0.0,0,0,0,0,0,0,0,0
1785447151,4000000,3143335144,3198484480,0,22167678,0,177519,201566,0,0,0,0,0,0,0,3.2,10.3,30.9,82.8,113.7,0.0,0.0,0.0,1.02,0,0,0.00,0.00,0.0,0.0,0.00,0.00,0.00,0.0,0,0.0,0,0,0,0,0,0,0,0
1785447152,4000000,3143335144,3198484480,0,22318883,0,176656,200709,0,0,0,0,0,0,0,3.4,9.1,23.9,89.8,113.7,0.0,0.0,0.0,1.02,0,0,0.00,0.00,0.0,0.0,0.00,0.00,0.00,0.0,0,0.0,0,0,0,0,0,0,0,0
1785447153,4000000,3143335144,3198484480,0,22469808,0,175774,200076,0,0,0,0,0,0,0,3.5,9.3,34.0,79.9,113.9,0.0,0.0,0.0,1.02,0,0,0.00,0.00,0.0,0.0,0.00,0.00,0.00,0.0,0,0.0,0,0,0,0,0,0,0,0
1785447154,4000000,3143335144,3198484480,0,22620339,0,174825,198984,0,0,0,0,0,0,0,3.5,9.3,36.0,78.1,114.1,0.0,0.0,0.0,1.02,0,0,0.00,0.00,0.0,0.0,0.00,0.00,0.00,0.0,0,0.0,0,0,0,0,0,0,0,0
1785447155,4000000,3143335144,3198484480,0,22770202,0,173828,198403,0,0,0,0,0,0,0,3.6,9.4,27.1,87.3,114.4,0.0,0.0,0.0,1.02,0,0,0.00,0.00,0.0,0.0,0.00,0.00,0.00,0.0,0,0.0,0,0,0,0,0,0,0,0
1785447157,4000000,3143335144,3198484480,0,22920601,0,174636,199589,0,0,0,0,0,0,0,3.9,9.2,34.0,80.1,114.1,0.0,0.0,0.0,1.02,0,0,0.00,0.00,0.0,0.0,0.00,0.00,0.00,0.0,0,0.0,0,0,0,0,0,0,0,0
1785447158,4000000,3143335144,3198484480,0,23071119,0,174187,198902,0,0,0,0,0,0,0,3.7,9.5,31.8,82.5,114.3,0.0,0.0,0.0,1.02,0,0,0.00,0.00,0.0,0.0,0.00,0.00,0.00,0.0,0,0.0,0,0,0,0,0,0,0,0
1785447159,4000000,3143335144,3198484480,0,23222080,0,174227,199151,0,0,0,0,0,0,0,3.2,9.6,32.1,82.3,114.4,0.0,0.0,0.0,1.02,0,0,0.00,0.00,0.0,0.0,0.00,0.00,0.00,0.0,0,0.0,0,0,0,0,0,0,0,0
1785447160,4000000,3143335144,3198484480,0,23373174,0,174152,199168,0,0,0,0,0,0,0,3.2,9.5,25.8,88.6,114.4,0.0,0.0,0.0,1.02,0,0,0.00,0.00,0.0,0.0,0.00,0.00,0.00,0.0,0,0.0,0,0,0,0,0,0,0,0
1785447161,4000000,3143335144,3198484480,0,23524157,0,173971,199000,0,0,0,0,0,0,0,3.3,9.7,35.1,79.3,114.4,0.0,0.0,0.0,1.02,0,0,0.00,0.00,0.0,0.0,0.00,0.00,0.00,0.0,0,0.0,0,0,0,0,0,0,0,0
1785447162,4000000,3143335144,3198484480,0,23675413,0,174264,199374,0,0,0,0,0,0,0,3.0,10.3,28.1,86.3,114.4,0.0,0.0,0.0,1.02,0,0,0.00,0.00,0.0,0.0,0.00,0.00,0.00,0.0,0,0.0,0,0,0,0,0,0,0,0
1785447163,4000000,3143335144,3198484480,0,23826414,0,174280,199251,0,0,0,0,0,0,0,3.7,9.6,37.8,76.6,114.4,0.0,0.0,0.0,1.02,0,0,0.00,0.00,0.0,0.0,0.00,0.00,0.00,0.0,0,0.0,0,0,0,0,0,0,0,0
1785447165,4000000,3143335144,3198484480,0,23977185,0,173840,198747,0,0,0,0,0,0,0,3.7,9.7,35.1,79.4,114.5,0.0,0.0,0.0,1.02,0,0,0.00,0.00,0.0,0.0,0.00,0.00,0.00,0.0,0,0.0,0,0,0,0,0,0,0,0
1785447166,4000000,3143335144,3198484480,0,24128596,0,174061,199447,0,0,0,0,0,0,0,4.4,8.6,44.9,69.7,114.6,0.0,0.0,0.0,1.02,0,0,0.00,0.00,0.0,0.0,0.00,0.00,0.00,0.0,0,0.0,0,0,0,0,0,0,0,0
1785447167,4000000,3143335144,3198484480,0,24279643,0,174099,199313,0,0,0,0,0,0,0,3.3,9.5,32.2,82.4,114.6,0.0,0.0,0.0,1.02,0,0,0.00,0.00,0.0,0.0,0.00,0.00,0.00,0.0,0,0.0,0,0,0,0,0,0,0,0
1785447168,4000000,3143335144,3198484480,0,24430655,0,174128,199164,0,0,0,0,0,0,0,3.8,9.4,29.8,84.6,114.4,0.0,0.0,0.0,1.02,0,0,0.00,0.00,0.0,0.0,0.00,0.00,0.00,0.0,0,0.0,0,0,0,0,0,0,0,0
1785447169,4000000,3143335144,3198484480,0,24581728,0,174433,199566,0,0,0,0,0,0,0,2.7,10.6,20.1,94.3,114.4,0.0,0.0,0.0,1.02,0,0,0.00,0.00,0.0,0.0,0.00,0.00,0.00,0.0,0,0.0,0,0,0,0,0,0,0,0
1785447170,4000000,3143335144,3198484480,0,24732696,0,174260,199163,0,0,0,0,0,0,0,3.8,9.5,32.8,81.6,114.4,0.0,0.0,0.0,1.02,0,0,0.00,0.00,0.0,0.0,0.00,0.00,0.00,0.0,0,0.0,0,0,0,0,0,0,0,0
1785447171,4000000,3143335144,3198484480,0,24884825,0,175500,201124,0,0,0,0,0,0,0,4.4,9.2,45.1,69.2,114.3,0.0,0.0,0.0,1.02,0,0,0.00,0.00,0.0,0.0,0.00,0.00,0.00,0.0,0,0.0,0,0,0,0,0,0,0,0
1785447173,4000000,3143335144,3198484480,0,25035710,0,175351,199315,0,0,0,0,0,0,0,3.6,9.9,30.1,84.2,114.3,0.0,0.0,0.0,1.02,0,0,0.00,0.00,0.0,0.0,0.00,0.00,0.00,0.0,0,0.0,0,0,0,0,0,0,0,0
1785447174,4000000,3143335144,3198484480,0,25186871,0,174185,199253,0,0,0,0,0,0,0,4.4,9.0,43.9,70.6,114.5,0.0,0.0,0.0,1.02,0,0,0.00,0.00,0.0,0.0,0.00,0.00,0.00,0.0,0,0.0,0,0,0,0,0,0,0,0
1785447175,4000000,3143335144,3198484480,0,25337788,0,174054,198859,0,0,0,0,0,0,0,4.0,9.4,29.1,85.2,114.3,0.0,0.0,0.0,1.02,0,0,0.00,0.00,0.0,0.0,0.00,0.00,0.00,0.0,0,0.0,0,0,0,0,0,0,0,0
1785447176,4000000,3143335144,3198337024,0,25489685,0,174722,200097,0,0,0,0,0,0,0,3.9,9.7,31.9,82.7,114.6,0.0,0.0,0.0,1.02,0,0,0.00,0.00,0.0,0.0,0.00,0.00,0.00,0.0,0,0.0,0,0,0,0,0,0,0,0
1785447177,4000000,3143335144,3198468096,0,25642671,0,177588,202621,0,0,0,0,0,0,0,3.9,9.7,33.2,80.4,113.6,0.0,0.0,0.0,1.02,0,0,0.00,0.00,0.0,0.0,0.00,0.00,0.00,0.0,0,0.0,0,0,0,0,0,0,0,0
1785447178,4000000,3143335144,3198468096,0,25792227,0,177358,200472,0,0,0,0,0,0,0,3.3,9.2,29.9,83.7,113.6,0.0,0.0,0.0,1.02,0,0,0.00,0.00,0.0,0.0,0.00,0.00,0.00,0.0,0,0.0,0,0,0,0,0,0,0,0
1785447179,4000000,3143335144,3198468096,0,25936887,0,174060,197513,0,0,0,0,0,0,0,3.2,10.0,32.9,80.8,113.7,0.0,0.0,0.0,1.02,0,0,0.00,0.00,0.0,0.0,0.00,0.00,0.00,0.0,0,0.0,0,0,0,0,0,0,0,0
1785447181,4000000,3143335144,3198468096,0,26080340,0,173361,197371,0,0,0,0,0,0,0,3.4,9.2,30.0,84.0,114.0,0.0,0.0,0.0,1.02,0,0,0.00,0.00,0.0,0.0,0.00,0.00,0.00,0.0,0,0.0,0,0,0,0,0,0,0,0
1785447182,4000000,3143335144,3198468096,0,26223968,0,173416,197617,0,0,0,0,0,0,0,3.6,9.7,29.0,84.9,113.9,0.0,0.0,0.0,1.02,0,0,0.00,0.00,0.0,0.0,0.00,0.00,0.00,0.0,0,0.0,0,0,0,0,0,0,0,0
1785447183,4000000,3143335144,3198468096,0,26367838,0,172630,196916,0,0,0,0,0,0,0,3.9,9.3,40.1,74.3,114.4,0.0,0.0,0.0,1.02,0,0,0.00,0.00,0.0,0.0,0.00,0.00,0.00,0.0,0,0.0,0,0,0,0,0,0,0,0
1785447184,4000000,3143335144,3198468096,0,26511566,0,172482,197052,0,0,0,0,0,0,0,3.4,9.5,36.1,78.2,114.3,0.0,0.0,0.0,1.02,0,0,0.00,0.00,0.0,0.0,0.00,0.00,0.00,0.0,0,0.0,0,0,0,0,0,0,0,0
1785447185,4000000,3143335144,3198468096,0,26655942,0,172881,197537,0,0,0,0,0,0,0,3.1,9.1,33.8,80.4,114.2,0.0,0.0,0.0,1.02,0,0,0.00,0.00,0.0,0.0,0.00,0.00,0.00,0.0,0,0.0,0,0,0,0,0,0,0,0
1785447186,4000000,3143335144,3198468096,0,26798371,0,174468,199637,0,0,0,0,0,0,0,3.4,9.7,35.1,79.2,114.3,0.0,0.0,0.0,1.02,0,0,0.00,0.00,0.0,0.0,0.00,0.00,0.00,0.0,0,0.0,0,0,0,0,0,0,0,0
1785447187,4000000,3143335144,3198468096,0,26943556,0,175088,200049,0,0,0,0,0,0,0,3.5,9.6,38.0,76.0,114.0,0.0,0.0,0.0,1.02,0,0,0.00,0.00,0.0,0.0,0.00,0.00,0.00,0.0,0,0.0,0,0,0,0,0,0,0,0
1785447189,4000000,3143335144,3198468096,0,27094160,0,175236,199670,0,0,0,0,0,0,0,3.8,9.2,25.1,89.3,114.4,0.0,0.0,0.0,1.02,0,0,0.00,0.00,0.0,0.0,0.00,0.00,0.00,0.0,0,0.0,0,0,0,0,0,0,0,0
1785447190,4000000,3143335144,3198468096,0,27245288,0,175220,200581,0,0,0,0,0,0,0,3.8,9.0,34.9,79.7,114.6,0.0,0.0,0.0,1.02,0,0,0.00,0.00,0.0,0.0,0.00,0.00,0.00,0.0,0,0.0,0,0,0,0,0,0,0,0
1785447191,4000000,3143335144,3198468096,0,27396699,0,175143,200740,0,0,0,0,0,0,0,3.7,9.7,31.2,83.5,114.7,0.0,0.0,0.0,1.02,0,0,0.00,0.00,0.0,0.0,0.00,0.00,0.00,0.0,0,0.0,0,0,0,0,0,0,0,0
1785447192,4000000,3143335144,3198468096,0,27546864,0,174625,198718,0,0,0,0,0,0,0,3.8,8.6,37.7,76.3,114.0,0.0,0.0,0.0,1.02,0,0,0.00,0.00,0.0,0.0,0.00,0.00,0.00,0.0,0,0.0,0,0,0,0,0,0,0,0
1785447193,4000000,3143335144,3198468096,0,27698320,0,175036,200717,0,0,0,0,0,0,0,3.4,9.7,34.1,80.3,114.4,0.0,0.0,0.0,1.02,0,0,0.00,0.00,0.0,0.0,0.00,0.00,0.00,0.0,0,0.0,0,0,0,0,0,0,0,0
1785447194,4000000,3143335144,3198468096,0,27849157,0,175981,200221,0,0,0,0,0,0,0,4.1,8.7,33.0,80.9,113.9,0.0,0.0,0.0,1.02,0,0,0.00,0.00,0.0,0.0,0.00,0.00,0.00,0.0,0,0.0,0,0,0,0,0,0,0,0
1785447195,4000000,3143335144,3198468096,0,27999356,0,174888,199222,0,0,0,0,0,0,0,3.6,9.2,36.1,78.2,114.3,0.0,0.0,0.0,1.02,0,0,0.00,0.00,0.0,0.0,0.00,0.00,0.00,0.0,0,0.0,0,0,0,0,0,0,0,0
1785447197,4000000,3143335144,3198468096,0,28146563,0,170664,193322,0,0,0,0,0,0,0,3.1,9.4,28.0,86.0,114.0,0.0,0.0,0.0,1.02,0,0,0.00,0.00,0.0,0.0,0.00,0.00,0.00,0.0,0,0.0,0,0,0,0,0,0,0,0
1785447198,4000000,3143335144,3198468096,0,28294945,0,170463,194544,0,0,0,0,0,0,0,3.4,10.2,34.0,80.0,114.0,0.0,0.0,0.0,1.02,0,0,0.00,0.00,0.0,0.0,0.00,0.00,0.00,0.0,0,0.0,0,0,0,0,0,0,0,0
1785447199,4000000,3143335144,3198468096,0,28443750,0,172237,197177,0,0,0,0,0,0,0,3.6,9.4,35.0,78.9,113.9,0.0,0.0,0.0,1.02,0,0,0.00,0.00,0.0,0.0,0.00,0.00,0.00,0.0,0,0.0,0,0,0,0,0,0,0,0
1785447200,4000000,3143262248,3198468096,0,28584163,0,164137,177549,0,0,0,0,0,0,0,3.2,9.3,29.2,78.9,108.1,0.0,0.0,0.0,1.02,0,0,0.00,0.00,0.0,0.0,0.00,0.00,0.00,0.0,0,0.0,0,0,0,0,0,0,0,0
1785447201,4000000,3143262248,3198468096,0,28714328,0,117617,130166,0,0,0,0,0,0,0,3.0,7.8,28.8,68.6,97.4,0.0,0.0,0.0,1.02,0,0,0.00,0.00,0.0,0.0,0.00,0.00,0.00,0.0,0,0.0,0,0,0,0,0,0,0,0
1785447202,4000000,3143262248,3198468096,0,28844532,0,114589,130205,0,0,0,0,0,0,0,2.3,8.0,26.5,71.1,97.6,0.0,0.0,0.0,1.02,0,0,0.00,0.00,0.0,0.0,0.00,0.00,0.00,0.0,0,0.0,0,0,0,0,0,0,0,0
1785447203,4000000,3143262248,3198468096,0,28972443,0,113086,127912,0,0,0,0,0,0,0,3.2,6.8,32.0,65.0,97.0,0.0,0.0,0.0,1.02,0,0,0.00,0.00,0.0,0.0,0.00,0.00,0.00,0.0,0,0.0,0,0,0,0,0,0,0,0
1785447205,4000000,3143262248,3198468096,0,29099793,0,111960,127351,0,0,0,0,0,0,0,2.4,7.5,24.5,72.5,97.0,0.0,0.0,0.0,1.02,0,0,0.00,0.00,0.0,0.0,0.00,0.00,0.00,0.0,0,0.0,0,0,0,0,0,0,0,0
1785447206,4000000,3143262248,3198468096,0,29228575,0,112261,128783,0,0,0,0,0,0,0,2.6,7.1,24.0,74.3,98.3,0.0,0.0,0.0,1.02,0,0,0.00,0.00,0.0,0.0,0.00,0.00,0.00,0.0,0,0.0,0,0,0,0,0,0,0,0
1785447207,4000000,3143262248,3198468096,0,29353300,0,110381,124726,0,0,0,0,0,0,0,3.1,7.3,30.5,65.4,95.9,0.0,0.0,0.0,1.02,0,0,0.00,0.00,0.0,0.0,0.00,0.00,0.00,0.0,0,0.0,0,0,0,0,0,0,0,0
1785447208,4000000,3143262248,3198468096,0,29478143,0,109434,124844,0,0,0,0,0,0,0,2.3,6.9,24.0,72.0,96.0,0.0,0.0,0.0,1.02,0,0,0.00,0.00,0.0,0.0,0.00,0.00,0.00,0.0,0,0.0,0,0,0,0,0,0,0,0
1785447209,4000000,3143262248,3198468096,0,29602766,0,109212,124624,0,0,0,0,0,0,0,2.4,8.1,25.1,70.3,95.4,0.0,0.0,0.0,1.02,0,0,0.00,0.00,0.0,0.0,0.00,0.00,0.00,0.0,0,0.0,0,0,0,0,0,0,0,0
1785447210,4000000,3143262248,3198468096,0,29726975,0,108785,124210,0,0,0,0,0,0,0,3.1,7.6,29.9,66.8,96.7,0.0,0.0,0.0,1.02,0,0,0.00,0.00,0.0,0.0,0.00,0.00,0.00,0.0,0,0.0,0,0,0,0,0,0,0,0
1785447211,4000000,3143262248,3198468096,0,29851407,0,108898,124433,0,0,0,0,0,0,0,3.1,6.6,26.7,69.8,96.5,0.0,0.0,0.0,1.02,0,0,0.00,0.00,0.0,0.0,0.00,0.00,0.00,0.0,0,0.0,0,0,0,0,0,0,0,0
1785447213,4000000,3143262248,3198468096,0,29976575,0,109501,125169,0,0,0,0,0,0,0,2.7,6.8,24.5,72.1,96.6,0.0,0.0,0.0,1.02,0,0,0.00,0.00,0.0,0.0,0.00,0.00,0.00,0.0,0,0.0,0,0,0,0,0,0,0,0
1785447214,4000000,3143262248,3198468096,0,30103273,0,110725,126699,0,0,0,0,0,0,0,2.6,7.0,29.1,68.1,97.2,0.0,0.0,0.0,1.02,0,0,0.00,0.00,0.0,0.0,0.00,0.00,0.00,0.0,0,0.0,0,0,0,0,0,0,0,0
1785447215,4000000,3143262248,3198468096,0,30230618,0,111653,127346,0,0,0,0,0,0,0,2.8,6.8,27.9,69.2,97.1,0.0,0.0,0.0,1.02,0,0,0.00,0.00,0.0,0.0,0.00,0.00,0.00,0.0,0,0.0,0,0,0,0,0,0,0,0
1785447216,4000000,3143262248,3198468096,0,30358313,0,111404,127696,0,0,0,0,0,0,0,3.1,8.0,22.8,74.6,97.4,0.0,0.0,0.0,1.02,0,0,0.00,0.00,0.0,0.0,0.00,0.00,0.00,0.0,0,0.0,0,0,0,0,0,0,0,0
1785447217,4000000,3143262248,3198468096,0,30488258,0,112857,129946,0,0,0,0,0,0,0,2.7,7.8,24.1,73.7,97.8,0.0,0.0,0.0,1.02,0,0,0.00,0.00,0.0,0.0,0.00,0.00,0.00,0.0,0,0.0,0,0,0,0,0,0,0,0
1785447218,4000000,3143262248,3198468096,0,30619331,0,115100,131074,0,0,0,0,0,0,0,3.6,7.2,35.5,62.8,98.3,0.0,0.0,0.0,1.02,0,0,0.00,0.00,0.0,0.0,0.00,0.00,0.00,0.0,0,0.0,0,0,0,0,0,0,0,0
1785447219,4000000,3143262248,3198468096,0,30750720,0,114986,131390,0,0,0,0,0,0,0,3.1,7.5,32.6,65.8,98.4,0.0,0.0,0.0,1.02,0,0,0.00,0.00,0.0,0.0,0.00,0.00,0.00,0.0,0,0.0,0,0,0,0,0,0,0,0
1785447221,4000000,3143262248,3198468096,0,30882023,0,114348,131304,0,0,0,0,0,0,0,2.7,7.9,30.7,67.8,98.5,0.0,0.0,0.0,1.02,0,0,0.00,0.00,0.0,0.0,0.00,0.00,0.00,0.0,0,0.0,0,0,0,0,0,0,0,0
1785447222,4000000,3143262248,3198468096,0,31013892,0,115238,131870,0,0,0,0,0,0,0,2.2,7.7,23.3,74.6,97.9,0.0,0.0,0.0,1.02,0,0,0.00,0.00,0.0,0.0,0.00,0.00,0.00,0.0,0,0.0,0,0,0,0,0,0,0,0
1785447223,4000000,3143262248,3198468096,0,31146185,0,115964,132294,0,0,0,0,0,0,0,2.9,7.3,34.8,62.8,97.6,0.0,0.0,0.0,1.02,0,0,0.00,0.00,0.0,0.0,0.00,0.00,0.00,0.0,0,0.0,0,0,0,0,0,0,0,0
1785447224,4000000,3143262248,3198468096,0,31276658,0,114944,130474,0,0,0,0,0,0,0,2.8,7.3,26.2,71.4,97.6,0.0,0.0,0.0,1.02,0,0,0.00,0.00,0.0,0.0,0.00,0.00,0.00,0.0,0,0.0,0,0,0,0,0,0,0,0
1785447225,4000000,3143262248,3198468096,0,31406954,0,114384,130297,0,0,0,0,0,0,0,2.8,7.8,31.9,65.6,97.5,0.0,0.0,0.0,1.02,0,0,0.00,0.00,0.0,0.0,0.00,0.00,0.00,0.0,0,0.0,0,0,0,0,0,0,0,0
1785447226,4000000,3143262248,3198468096,0,31539366,0,115213,132413,0,0,0,0,0,0,0,3.1,7.6,27.3,71.3,98.6,0.0,0.0,0.0,1.02,0,0,0.00,0.00,0.0,0.0,0.00,0.00,0.00,0.0,0,0.0,0,0,0,0,0,0,0,0
1785447227,4000000,3143262248,3198320640,0,31667701,0,114216,128336,0,0,0,0,0,0,0,2.5,7.8,26.8,68.6,95.4,0.0,0.0,0.0,1.02,0,0,0.00,0.00,0.0,0.0,0.00,0.00,0.00,0.0,0,0.0,0,0,0,0,0,0,0,0
1785447229,4000000,3143262248,3198320640,0,31795141,0,112242,127441,0,0,0,0,0,0,0,2.2,7.8,21.9,73.7,95.6,0.0,0.0,0.0,1.02,0,0,0.00,0.00,0.0,0.0,0.00,0.00,0.00,0.0,0,0.0,0,0,0,0,0,0,0,0
1785447230,4000000,3143262248,3198320640,0,31922701,0,111593,127561,0,0,0,0,0,0,0,2.6,7.1,28.6,66.2,94.8,0.0,0.0,0.0,1.02,0,0,0.00,0.00,0.0,0.0,0.00,0.00,0.00,0.0,0,0.0,0,0,0,0,0,0,0,0
1785447231,4000000,3143262248,3198320640,0,32049735,0,111762,127035,0,0,0,0,0,0,0,3.1,6.8,32.6,62.7,95.3,0.0,0.0,0.0,1.02,0,0,0.00,0.00,0.0,0.0,0.00,0.00,0.00,0.0,0,0.0,0,0,0,0,0,0,0,0
1785447232,4000000,3143262248,3198320640,0,32178408,0,112401,128674,0,0,0,0,0,0,0,3.1,6.9,26.3,69.1,95.4,0.0,0.0,0.0,1.02,0,0,0.00,0.00,0.0,0.0,0.00,0.00,0.00,0.0,0,0.0,0,0,0,0,0,0,0,0
1785447233,4000000,3143262272,3198320640,0,32309605,0,114484,131198,0,0,0,0,0,0,0,3.2,6.7,26.1,70.7,96.8,0.0,0.0,0.0,1.02,0,0,0.00,0.00,0.0,0.0,0.00,0.00,0.00,0.0,0,0.0,0,0,0,0,0,0,0,0
1785447234,4000000,3143262272,3198320640,0,32441034,0,115445,131430,0,0,0,0,0,0,0,2.8,7.2,31.0,65.9,96.9,0.0,0.0,0.0,1.02,0,0,0.00,0.00,0.0,0.0,0.00,0.00,0.00,0.0,0,0.0,0,0,0,0,0,0,0,0
1785447235,4000000,3143262272,3198320640,0,32571584,0,114922,130551,0,0,0,0,0,0,0,3.6,6.5,33.8,62.3,96.1,0.0,0.0,0.0,1.02,0,0,0.00,0.00,0.0,0.0,0.00,0.00,0.00,0.0,0,0.0,0,0,0,0,0,0,0,0
1785447236,4000000,3143262272,3198320640,0,32697075,0,111073,125492,0,0,0,0,0,0,0,3.1,6.8,25.7,70.4,96.1,0.0,0.0,0.0,1.02,0,0,0.00,0.00,0.0,0.0,0.00,0.00,0.00,0.0,0,0.0,0,0,0,0,0,0,0,0
1785447238,4000000,3143262272,3198320640,0,32823936,0,111262,126862,0,0,0,0,0,0,0,2.5,7.3,24.3,72.2,96.5,0.0,0.0,0.0,1.02,0,0,0.00,0.00,0.0,0.0,0.00,0.00,0.00,0.0,0,0.0,0,0,0,0,0,0,0,0
1785447239,4000000,3143262272,3198451712,0,32950593,0,111472,126658,0,0,0,0,0,0,0,3.0,7.2,34.9,61.0,95.9,0.0,0.0,0.0,1.02,0,0,0.00,0.00,0.0,0.0,0.00,0.00,0.00,0.0,0,0.0,0,0,0,0,0,0,0,0
1785447240,4000000,3143262272,3198451712,0,33075906,0,110476,125314,0,0,0,0,0,0,0,2.9,7.3,28.2,67.9,96.1,0.0,0.0,0.0,1.02,0,0,0.00,0.00,0.0,0.0,0.00,0.00,0.00,0.0,0,0.0,0,0,0,0,0,0,0,0
1785447241,4000000,3143262272,3198451712,0,33202560,0,111217,126655,0,0,0,0,0,0,0,2.9,6.6,28.1,68.1,96.2,0.0,0.0,0.0,1.02,0,0,0.00,0.00,0.0,0.0,0.00,0.00,0.00,0.0,0,0.0,0,0,0,0,0,0,0,0
1785447242,4000000,3143262272,3198451712,0,33328976,0,111217,126417,0,0,0,0,0,0,0,3.2,7.7,29.4,67.0,96.4,0.0,0.0,0.0,1.02,0,0,0.00,0.00,0.0,0.0,0.00,0.00,0.00,0.0,0,0.0,0,0,0,0,0,0,0,0
1785447243,4000000,3143262272,3198451712,0,33455003,0,110976,126028,0,0,0,0,0,0,0,2.6,7.6,23.0,73.1,96.1,0.0,0.0,0.0,1.02,0,0,0.00,0.00,0.0,0.0,0.00,0.00,0.00,0.0,0,0.0,0,0,0,0,0,0,0,0
1785447244,4000000,3143262272,3198451712,0,33582885,0,111646,127883,0,0,0,0,0,0,0,3.0,6.6,33.1,63.0,96.1,0.0,0.0,0.0,1.02,0,0,0.00,0.00,0.0,0.0,0.00,0.00,0.00,0.0,0,0.0,0,0,0,0,0,0,0,0
1785447246,4000000,3143262272,3198451712,0,33709267,0,111544,126383,0,0,0,0,0,0,0,2.7,7.8,29.5,65.7,95.2,0.0,0.0,0.0,1.02,0,0,0.00,0.00,0.0,0.0,0.00,0.00,0.00,0.0,0,0.0,0,0,0,0,0,0,0,0
1785447247,4000000,3143262272,3198451712,0,33835453,0,110646,126187,0,0,0,0,0,0,0,3.0,7.2,21.4,73.8,95.2,0.0,0.0,0.0,1.02,0,0,0.00,0.00,0.0,0.0,0.00,0.00,0.00,0.0,0,0.0,0,0,0,0,0,0,0,0
1785447248,4000000,3143262272,3198451712,0,33961039,0,110534,125587,0,0,0,0,0,0,0,3.0,7.1,23.6,72.1,95.7,0.0,0.0,0.0,1.02,0,0,0.00,0.00,0.0,0.0,0.00,0.00,0.00,0.0,0,0.0,0,0,0,0,0,0,0,0
1785447249,4000000,3143262272,3198451712,0,34088089,0,111260,127051,0,0,0,0,0,0,0,2.2,7.8,17.5,78.3,95.8,0.0,0.0,0.0,1.02,0,0,0.00,0.00,0.0,0.0,0.00,0.00,0.00,0.0,0,0.0,0,0,0,0,0,0,0,0
1785447250,4000000,3143262272,3198451712,0,34214253,0,111238,126165,0,0,0,0,0,0,0,2.9,7.0,31.5,63.6,95.1,0.0,0.0,0.0,1.02,0,0,0.00,0.00,0.0,0.0,0.00,0.00,0.00,0.0,0,0.0,0,0,0,0,0,0,0,0
1785447251,4000000,3143262272,3198451712,0,34339515,0,110189,125263,0,0,0,0,0,0,0,2.7,7.2,25.4,69.5,94.9,0.0,0.0,0.0,1.02,0,0,0.00,0.00,0.0,0.0,0.00,0.00,0.00,0.0,0,0.0,0,0,0,0,0,0,0,0
1785447252,4000000,3143262272,3198451712,0,34466567,0,110728,127053,0,0,0,0,0,0,0,2.9,7.9,28.4,67.4,95.8,0.0,0.0,0.0,1.02,0,0,0.00,0.00,0.0,0.0,0.00,0.00,0.00,0.0,0,0.0,0,0,0,0,0,0,0,0
1785447254,4000000,3143262272,3198451712,0,34591987,0,110710,125421,0,0,0,0,0,0,0,2.7,7.4,19.3,76.0,95.3,0.0,0.0,0.0,1.02,0,0,0.00,0.00,0.0,0.0,0.00,0.00,0.00,0.0,0,0.0,0,0,0,0,0,0,0,0
1785447255,4000000,3143262272,3198451712,0,34718120,0,110569,126134,0,0,0,0,0,0,0,2.3,8.1,23.8,71.7,95.5,0.0,0.0,0.0,1.02,0,0,0.00,0.00,0.0,0.0,0.00,0.00,0.00,0.0,0,0.0,0,0,0,0,0,0,0,0
1785447256,4000000,3143262272,3198451712,0,34844499,0,110945,126380,0,0,0,0,0,0,0,2.6,7.6,27.8,66.8,94.6,0.0,0.0,0.0,1.02,0,0,0.00,0.00,0.0,0.0,0.00,0.00,0.00,0.0,0,0.0,0,0,0,0,0,0,0,0
1785447257,4000000,3143262272,3198451712,0,34970919,0,110942,126421,0,0,0,0,0,0,0,2.1,7.4,22.7,72.3,95.0,0.0,0.0,0.0,1.02,0,0,0.00,0.00,0.0,0.0,0.00,0.00,0.00,0.0,0,0.0,0,0,0,0,0,0,0,0
1785447258,4000000,3143262272,3198304256,0,35098073,0,111370,127155,0,0,0,0,0,0,0,2.8,7.1,21.9,73.4,95.3,0.0,0.0,0.0,1.02,0,0,0.00,0.00,0.0,0.0,0.00,0.00,0.00,0.0,0,0.0,0,0,0,0,0,0,0,0
1785447259,4000000,3143262272,3198304256,0,35223874,0,110953,125802,0,0,0,0,0,0,0,3.3,7.1,30.7,65.3,96.0,0.0,0.0,0.0,1.02,0,0,0.00,0.00,0.0,0.0,0.00,0.00,0.00,0.0,0,0.0,0,0,0,0,0,0,0,0
1785447260,4000000,3143262272,3198304256,0,35350613,0,111042,126740,0,0,0,0,0,0,0,3.1,7.4,26.3,69.8,96.1,0.0,0.0,0.0,1.02,0,0,0.00,0.00,0.0,0.0,0.00,0.00,0.00,0.0,0,0.0,0,0,0,0,0,0,0,0
1785447262,4000000,3143262272,3198304256,0,35477204,0,111354,126592,0,0,0,0,0,0,0,2.7,8.3,21.7,74.1,95.8,0.0,0.0,0.0,1.02,0,0,0.00,0.00,0.0,0.0,0.00,0.00,0.00,0.0,0,0.0,0,0,0,0,0,0,0,0
1785447263,4000000,3143262272,3198304256,0,35602766,0,110757,125563,0,0,0,0,0,0,0,2.8,7.3,28.0,68.0,96.0,0.0,0.0,0.0,1.02,0,0,0.00,0.00,0.0,0.0,0.00,0.00,0.00,0.0,0,0.0,0,0,0,0,0,0,0,0
1785447264,4000000,3143262272,3198304256,0,35732568,0,112823,129803,0,0,0,0,0,0,0,3.0,7.3,31.1,66.3,97.4,0.0,0.0,0.0,1.02,0,0,0.00,0.00,0.0,0.0,0.00,0.00,0.00,0.0,0,0.0,0,0,0,0,0,0,0,0
1785447265,4000000,3143262272,3198304256,0,35860480,0,113883,127913,0,0,0,0,0,0,0,2.8,7.3,29.1,67.8,96.9,0.0,0.0,0.0,1.02,0,0,0.00,0.00,0.0,0.0,0.00,0.00,0.00,0.0,0,0.0,0,0,0,0,0,0,0,0
1785447266,4000000,3143262272,3198304256,0,35990654,0,113150,130175,0,0,0,0,0,0,0,2.9,7.3,31.2,65.9,97.1,0.0,0.0,0.0,1.02,0,0,0.00,0.00,0.0,0.0,0.00,0.00,0.00,0.0,0,0.0,0,0,0,0,0,0,0,0
1785447267,4000000,3143262272,3198304256,0,36123280,0,116316,132627,0,0,0,0,0,0,0,2.3,7.2,20.4,76.6,97.0,0.0,0.0,0.0,1.02,0,0,0.00,0.00,0.0,0.0,0.00,0.00,0.00,0.0,0,0.0,0,0,0,0,0,0,0,0
1785447268,4000000,3143262272,3198304256,0,36256719,0,117754,133440,0,0,0,0,0,0,0,2.7,7.7,28.3,70.2,98.5,0.0,0.0,0.0,1.02,0,0,0.00,0.00,0.0,0.0,0.00,0.00,0.00,0.0,0,0.0,0,0,0,0,0,0,0,0
1785447269,4000000,3143262272,3198304256,0,36388495,0,116411,131777,0,0,0,0,0,0,0,3.0,7.2,29.9,68.8,98.7,0.0,0.0,0.0,1.02,0,0,0.00,0.00,0.0,0.0,0.00,0.00,0.00,0.0,0,0.0,0,0,0,0,0,0,0,0
1785447271,4000000,3143262272,3198304256,0,36519443,0,115231,130949,0,0,0,0,0,0,0,2.9,6.9,22.6,74.2,96.8,0.0,0.0,0.0,1.02,0,0,0.00,0.00,0.0,0.0,0.00,0.00,0.00,0.0,0,0.0,0,0,0,0,0,0,0,0
1785447272,4000000,3143262272,3198304256,0,36650063,0,115270,130621,0,0,0,0,0,0,0,2.8,7.7,21.3,74.9,96.2,0.0,0.0,0.0,1.02,0,0,0.00,0.00,0.0,0.0,0.00,0.00,0.00,0.0,0,0.0,0,0,0,0,0,0,0,0
1785447273,4000000,3143262272,3198304256,0,36780633,0,114870,130571,0,0,0,0,0,0,0,2.5,7.2,26.4,71.0,97.4,0.0,0.0,0.0,1.02,0,0,0.00,0.00,0.0,0.0,0.00,0.00,0.00,0.0,0,0.0,0,0,0,0,0,0,0,0
1785447274,4000000,3143262272,3198304256,0,36904378,0,110452,123746,0,0,0,0,0,0,0,2.6,6.9,26.9,69.6,96.5,0.0,0.0,0.0,1.02,0,0,0.00,0.00,0.0,0.0,0.00,0.00,0.00,0.0,0,0.0,0,0,0,0,0,0,0,0
1785447275,4000000,3143262272,3198304256,0,37027907,0,105969,123530,0,0,0,0,0,0,0,4.2,7.0,40.1,55.9,96.0,0.0,0.0,0.0,1.02,0,0,0.00,0.00,0.0,0.0,0.00,0.00,0.00,0.0,0,0.0,0,0,0,0,0,0,0,0
1785447276,4000000,3143262272,3198304256,0,37152693,0,109273,124787,0,0,0,0,0,0,0,2.8,7.3,25.0,71.2,96.2,0.0,0.0,0.0,1.02,0,0,0.00,0.00,0.0,0.0,0.00,0.00,0.00,0.0,0,0.0,0,0,0,0,0,0,0,0
1785447277,4000000,3143262272,3198304256,0,37282598,0,112203,129906,0,0,0,0,0,0,0,2.6,7.4,27.3,70.2,97.5,0.0,0.0,0.0,1.02,0,0,0.00,0.00,0.0,0.0,0.00,0.00,0.00,0.0,0,0.0,0,0,0,0,0,0,0,0
1785447279,4000000,3143262272,3198304256,0,37413325,0,114526,130728,0,0,0,0,0,0,0,2.7,7.4,25.4,71.9,97.3,0.0,0.0,0.0,1.02,0,0,0.00,0.00,0.0,0.0,0.00,0.00,0.00,0.0,0,0.0,0,0,0,0,0,0,0,0
1785447280,4000000,3143262272,3198435328,0,37543447,0,114657,130123,0,0,0,0,0,0,0,3.1,6.6,30.2,67.3,97.5,0.0,0.0,0.0,1.02,0,0,0.00,0.00,0.0,0.0,0.00,0.00,0.00,0.0,0,0.0,0,0,0,0,0,0,0,0
1785447281,4000000,3143262272,3198435328,0,37672157,0,113617,128711,0,0,0,0,0,0,0,3.4,6.8,35.1,62.1,97.2,0.0,0.0,0.0,1.02,0,0,0.00,0.00,0.0,0.0,0.00,0.00,0.00,0.0,0,0.0,0,0,0,0,0,0,0,0
1785447282,4000000,3143262272,3198435328,0,37801750,0,113592,129594,0,0,0,0,0,0,0,3.3,6.8,26.2,70.6,96.8,0.0,0.0,0.0,1.02,0,0,0.00,0.00,0.0,0.0,0.00,0.00,0.00,0.0,0,0.0,0,0,0,0,0,0,0,0
1785447283,4000000,3143262272,3198435328,0,37931371,0,113942,129622,0,0,0,0,0,0,0,3.0,7.5,24.5,72.9,97.4,0.0,0.0,0.0,1.02,0,0,0.00,0.00,0.0,0.0,0.00,0.00,0.00,0.0,0,0.0,0,0,0,0,0,0,0,0
1785447284,4000000,3143262272,3198435328,0,38062170,0,114468,130800,0,0,0,0,0,0,0,2.8,7.6,28.4,69.4,97.8,0.0,0.0,0.0,1.02,0,0,0.00,0.00,0.0,0.0,0.00,0.00,0.00,0.0,0,0.0,0,0,0,0,0,0,0,0
1785447285,4000000,3143262272,3198435328,0,38192960,0,114996,130791,0,0,0,0,0,0,0,3.0,7.5,24.9,72.8,97.7,0.0,0.0,0.0,1.02,0,0,0.00,0.00,0.0,0.0,0.00,0.00,0.00,0.0,0,0.0,0,0,0,0,0,0,0,0
1785447287,4000000,3143262272,3198435328,0,38323725,0,114968,130766,0,0,0,0,0,0,0,3.2,7.5,31.0,66.9,97.9,0.0,0.0,0.0,1.02,0,0,0.00,0.00,0.0,0.0,0.00,0.00,0.00,0.0,0,0.0,0,0,0,0,0,0,0,0
1785447288,4000000,3143262272,3198435328,0,38453440,0,114607,129716,0,0,0,0,0,0,0,2.5,7.7,25.2,72.5,97.7,0.0,0.0,0.0,1.02,0,0,0.00,0.00,0.0,0.0,0.00,0.00,0.00,0.0,0,0.0,0,0,0,0,0,0,0,0
1785447289,4000000,3143262272,3198287872,0,38579245,0,110858,125806,0,0,0,0,0,0,0,3.4,6.8,32.8,63.8,96.6,0.0,0.0,0.0,1.02,0,0,0.00,0.00,0.0,0.0,0.00,0.00,0.00,0.0,0,0.0,0,0,0,0,0,0,0,0
1785447290,4000000,3143262272,3198287872,0,38706103,0,110649,126859,0,0,0,0,0,0,0,2.7,7.6,21.4,75.7,97.1,0.0,0.0,0.0,1.02,0,0,0.00,0.00,0.0,0.0,0.00,0.00,0.00,0.0,0,0.0,0,0,0,0,0,0,0,0
1785447291,4000000,3143262272,3198287872,0,38836238,0,112998,130136,0,0,0,0,0,0,0,3.3,7.3,32.2,65.7,97.9,0.0,0.0,0.0,1.02,0,0,0.00,0.00,0.0,0.0,0.00,0.00,0.00,0.0,0,0.0,0,0,0,0,0,0,0,0
1785447292,4000000,3143262272,3198287872,0,38970400,0,116618,134163,0,0,0,0,0,0,0,3.2,7.3,29.3,69.7,99.0,0.0,0.0,0.0,1.02,0,0,0.00,0.00,0.0,0.0,0.00,0.00,0.00,0.0,0,0.0,0,0,0,0,0,0,0,0
1785447293,4000000,3143262272,3198287872,0,39104365,0,118141,133966,0,0,0,0,0,0,0,2.7,8.3,30.4,67.5,97.9,0.0,0.0,0.0,1.02,0,0,0.00,0.00,0.0,0.0,0.00,0.00,0.00,0.0,0,0.0,0,0,0,0,0,0,0,0
1785447295,4000000,3143262272,3198287872,0,39238528,0,117307,134164,0,0,0,0,0,0,0,3.1,6.9,27.7,69.8,97.5,0.0,0.0,0.0,1.02,0,0,0.00,0.00,0.0,0.0,0.00,0.00,0.00,0.0,0,0.0,0,0,0,0,0,0,0,0
1785447296,4000000,3143262272,3198287872,0,39370824,0,116600,132297,0,0,0,0,0,0,0,3.6,6.6,32.9,65.7,98.6,0.0,0.0,0.0,1.02,0,0,0.00,0.00,0.0,0.0,0.00,0.00,0.00,0.0,0,0.0,0,0,0,0,0,0,0,0
1785447297,4000000,3143262272,3198287872,0,39499980,0,113788,129157,0,0,0,0,0,0,0,3.1,7.7,35.7,62.0,97.7,0.0,0.0,0.0,1.02,0,0,0.00,0.00,0.0,0.0,0.00,0.00,0.00,0.0,0,0.0,0,0,0,0,0,0,0,0
1785447298,4000000,3143262272,3198287872,0,39629180,0,112791,129201,0,0,0,0,0,0,0,3.1,7.7,28.8,69.1,97.9,0.0,0.0,0.0,1.02,0,0,0.00,0.00,0.0,0.0,0.00,0.00,0.00,0.0,0,0.0,0,0,0,0,0,0,0,0
1785447299,4000000,3143262272,3198287872,0,39758709,0,113647,129530,0,0,0,0,0,0,0,2.9,7.8,28.0,69.5,97.5,0.0,0.0,0.0,1.02,0,0,0.00,0.00,0.0,0.0,0.00,0.00,0.00,0.0,0,0.0,0,0,0,0,0,0,0,0
1785447300,4000000,3143262272,3198287872,0,39889643,0,114268,130935,0,0,0,0,0,0,0,2.7,7.6,24.8,72.7,97.5,0.0,0.0,0.0,1.02,0,0,0.00,0.00,0.0,0.0,0.00,0.00,0.00,0.0,0,0.0,0,0,0,0,0,0,0,0
